Category,SubCategory,Unit,Month Sold,Units Sold
Fruits & Vegetables - Apples,"Apples, Blushing Gold",1/4 Peck,19-Sep,5
Fruits & Vegetables - Apples,"Apples, Blushing Gold",1/4 Peck,19-Oct,2
Fruits & Vegetables - Apples,"Apples, Bramley Seedling",1/4 Peck,19-Sep,4
Fruits & Vegetables - Apples,"Apples, Chehalis",Bushel,19-Aug,3
Fruits & Vegetables - Apples,"Apples, Chehalis",1/4 Peck,19-Aug,2
Fruits & Vegetables - Apples,"Apples, Cider",1 bushel,19-Sep,1
Fruits & Vegetables - Apples,"Apples, Collimar",Peck,19-Aug,1
Fruits & Vegetables - Apples,"Apples, Collimar",1/4 Peck,19-Aug,5
Fruits & Vegetables - Apples,"Apples, Collimar",1/4 Peck,19-Sep,2
Fruits & Vegetables - Apples,"Apples, Cribb' s Pink (Pink Lady)",Peck,19-Nov,2
Fruits & Vegetables - Apples,"Apples, Cribb' s Pink (Pink Lady)",1/4 Peck,19-Oct,2
Fruits & Vegetables - Apples,"Apples, Cribb' s Pink (Pink Lady)",1/4 Peck,19-Nov,33
Fruits & Vegetables - Apples,"Apples, Criterion",Bushel,19-Oct,2
Fruits & Vegetables - Apples,"Apples, Criterion",1/4 Peck,19-Oct,1
Fruits & Vegetables - Apples,"Apples, Criterion",1/4 Peck,19-Nov,2
Fruits & Vegetables - Apples,"Apples, Dula Beauty",1/4 Peck,19-Sep,3
Fruits & Vegetables - Apples,"Apples, Dula Beauty",1/4 Peck,19-Oct,2
Fruits & Vegetables - Apples,"Apples, Earliblaze",1/4 peck,19-Jul,1
Fruits & Vegetables - Apples,"Apples, Early Transparent",Peck,19-Jul,1
Fruits & Vegetables - Apples,"Apples, Early Transparent",Bushel,19-Jul,1
Fruits & Vegetables - Apples,"Apples, Early Yellow Transparent",Peck,19-Jul,2
Fruits & Vegetables - Apples,"Apples, Early Yellow Transparent",Bushel,19-Jul,1
Fruits & Vegetables - Apples,"Apples, Early Yellow Transparent",1/4 Peck,19-Jun,2
Fruits & Vegetables - Apples,"Apples, Early Yellow Transparent",1/4 Peck,19-Jul,7
Fruits & Vegetables - Apples,"Apples, Empire",Peck,19-Sep,1
Fruits & Vegetables - Apples,"Apples, Empire",1/4 Peck,19-Sep,7
Fruits & Vegetables - Apples,"Apples, Empire",1/4 Peck,19-Oct,1
Fruits & Vegetables - Apples,"Apples, Enterprise",1/4 Peck,19-Nov,12
Fruits & Vegetables - Apples,"Apples, Famuse/Snow",1/4 Peck,19-Oct,2
Fruits & Vegetables - Apples,"Apples, Farmer's Choice",1 bushel - sweet,19-Sep,1
Fruits & Vegetables - Apples,"Apples, Farmer's Choice",1 bushel - sweet,19-Oct,5
Fruits & Vegetables - Apples,"Apples, Farmer's Choice",1 bushel - sweet,19-Nov,3
Fruits & Vegetables - Apples,"Apples, Farmer's Choice",1 bushel - sweet,19-Dec,3
Fruits & Vegetables - Apples,"Apples, Farmer's Choice",1 bushel - mixed varieties,19-Oct,1
Fruits & Vegetables - Apples,"Apples, Farmer's Choice (cooking, slightly tart)",1 bushel - tart,19-Oct,3
Fruits & Vegetables - Apples,"Apples, Farmer's Choice (Gold Rush)",1 bushel - sweet,19-Nov,1
Fruits & Vegetables - Apples,"Apples, Fuji",1/4 Peck,19-Jan,2
Fruits & Vegetables - Apples,"Apples, Fuji",1/4 Peck,19-Sep,8
Fruits & Vegetables - Apples,"Apples, Fuji",1/4 Peck,19-Oct,27
Fruits & Vegetables - Apples,"Apples, Fuji",1/4 Peck,19-Nov,15
Fruits & Vegetables - Apples,"Apples, Gala",Peck,19-Oct,1
Fruits & Vegetables - Apples,"Apples, Gala",Bushel,19-Aug,1
Fruits & Vegetables - Apples,"Apples, Gala",Bushel,19-Sep,3
Fruits & Vegetables - Apples,"Apples, Gala",1/4 Peck,19-Sep,18
Fruits & Vegetables - Apples,"Apples, Gala",1/4 Peck,19-Oct,4
Fruits & Vegetables - Apples,"Apples, Geneva",Peck,19-Sep,1
Fruits & Vegetables - Apples,"Apples, Geneva",1/4 Peck,19-Sep,1
Fruits & Vegetables - Apples,"Apples, Gold Rush",Peck,18-Dec,2
Fruits & Vegetables - Apples,"Apples, Gold Rush",Peck,19-Nov,5
Fruits & Vegetables - Apples,"Apples, Gold Rush",Peck,19-Dec,3
Fruits & Vegetables - Apples,"Apples, Gold Rush",Bushel,19-Dec,1
Fruits & Vegetables - Apples,"Apples, Gold Rush",1/4 Peck,18-Dec,5
Fruits & Vegetables - Apples,"Apples, Gold Rush",1/4 Peck,19-Nov,21
Fruits & Vegetables - Apples,"Apples, Gold Rush",1/4 Peck,19-Dec,16
Fruits & Vegetables - Apples,"Apples, Gold Wolf River",1/4 Peck,19-Aug,2
Fruits & Vegetables - Apples,"Apples, Gold Wolf River",1/4 Peck,19-Sep,1
Fruits & Vegetables - Apples,"Apples, Golden Delicious",1/4 Peck,19-Sep,5
Fruits & Vegetables - Apples,"Apples, Granny Smith",1/4 Peck,19-Oct,4
Fruits & Vegetables - Apples,"Apples, Green Pippin",1/4 Peck,19-Sep,4
Fruits & Vegetables - Apples,"Apples, Grimes Golden",1/4 Peck,19-Sep,6
Fruits & Vegetables - Apples,"Apples, Idared Jonathan",Bushel,19-Sep,1
Fruits & Vegetables - Apples,"Apples, Idared Jonathan",1/4 Peck,19-Sep,5
Fruits & Vegetables - Apples,"Apples, Idared Jonathan",1/4 Peck,19-Oct,2
Fruits & Vegetables - Apples,"Apples, JonaGold",1/4 Peck,19-Aug,2
Fruits & Vegetables - Apples,"Apples, JonaGold",1/4 Peck,19-Sep,2
Fruits & Vegetables - Apples,"Apples, JonaGold",1/4 Peck,19-Oct,3
Fruits & Vegetables - Apples,"Apples, JonaGold",1 bushel less 11 lbs.,19-Aug,1
Fruits & Vegetables - Apples,"Apples, JonaMac",1/4 peck,19-Aug,1
Fruits & Vegetables - Apples,"Apples, JonaMac",1/4 peck,19-Sep,3
Fruits & Vegetables - Apples,"Apples, Lodi",Peck,19-Jul,1
Fruits & Vegetables - Apples,"Apples, Lodi",1/4 Peck,19-Jun,3
Fruits & Vegetables - Apples,"Apples, Lodi",1/4 Peck,19-Jul,2
Fruits & Vegetables - Apples,"Apples, Macoun",1/4 Peck,19-Sep,2
Fruits & Vegetables - Apples,"Apples, Maidens Blush",1/4 Peck,19-Aug,5
Fruits & Vegetables - Apples,"Apples, McIntosh",1/4 Peck,19-Aug,13
Fruits & Vegetables - Apples,"Apples, McIntosh",1/4 Peck,19-Sep,9
Fruits & Vegetables - Apples,"Apples, Mixed Varieties",1/4 Peck,19-Oct,1
Fruits & Vegetables - Apples,"Apples, Mutsu/Crispin",1/4 Peck,19-Sep,3
Fruits & Vegetables - Apples,"Apples, Mutsu/Crispin",1/4 Peck,19-Oct,5
Fruits & Vegetables - Apples,"Apples, Mutsu/Crispin ",1/4 Peck,19-Sep,3
Fruits & Vegetables - Apples,"Apples, Mutsu/Crispin ",1/4 Peck,19-Oct,2
Fruits & Vegetables - Apples,"Apples, Northern Spy",1/4 Peck,19-Sep,1
Fruits & Vegetables - Apples,"Apples, Ole Timey Spice",1/4 Peck,19-Aug,2
Fruits & Vegetables - Apples,"Apples, Ole Timey Spice",1/4 Peck,19-Sep,1
Fruits & Vegetables - Apples,"Apples, Ozark Gold",Bushel,19-Aug,1
Fruits & Vegetables - Apples,"Apples, Ozark Gold",1/4 Peck,19-Aug,5
Fruits & Vegetables - Apples,"Apples, Ozark Gold",1/4 Peck,19-Sep,1
Fruits & Vegetables - Apples,"Apples, Pound Pippin",1/4 Peck,19-Sep,1
Fruits & Vegetables - Apples,"Apples, Prairie Spy",Peck,19-Sep,1
Fruits & Vegetables - Apples,"Apples, Prairie Spy",1/4 Peck,19-Sep,1
Fruits & Vegetables - Apples,"Apples, Prairie Spy",1/4 Peck,19-Oct,2
Fruits & Vegetables - Apples,"Apples, Pristine",1/4 Peck,19-Jul,4
Fruits & Vegetables - Apples,"Apples, Red Delicious",Peck,19-Sep,1
Fruits & Vegetables - Apples,"Apples, Red Delicious",1/4 Peck,19-Aug,3
Fruits & Vegetables - Apples,"Apples, Red Delicious",1/4 Peck,19-Sep,2
Fruits & Vegetables - Apples,"Apples, Red Gold",1/4 Peck,19-Sep,3
Fruits & Vegetables - Apples,"Apples, Red Rome Beauty",Peck,18-Dec,1
Fruits & Vegetables - Apples,"Apples, Red Rome Beauty",Bushel,19-Sep,1
Fruits & Vegetables - Apples,"Apples, Red Rome Beauty",Bushel,19-Oct,1
Fruits & Vegetables - Apples,"Apples, Red Rome Beauty",1/4 Peck,18-Dec,3
Fruits & Vegetables - Apples,"Apples, Red Rome Beauty",1/4 Peck,19-Jan,7
Fruits & Vegetables - Apples,"Apples, Red Rome Beauty",1/4 Peck,19-Oct,1
Fruits & Vegetables - Apples,"Apples, Roxbury Russet",1/4 peck,19-Sep,2
Fruits & Vegetables - Apples,"Apples, Roxbury Russet",1/4 peck,19-Oct,3
Fruits & Vegetables - Apples,"Apples, Royal Limbertwig",1/4 Peck,19-Sep,1
Fruits & Vegetables - Apples,"Apples, Royal Limbertwig",1/4 Peck,19-Oct,9
Fruits & Vegetables - Apples,"Apples, Royal Limbertwig",1/4 Peck,19-Nov,1
Fruits & Vegetables - Apples,"Apples, Senator",1/4 Peck,19-Oct,4
Fruits & Vegetables - Apples,"Apples, Sour Rusty Coat",1/4 Peck,19-Aug,4
Fruits & Vegetables - Apples,"Apples, Spice",Peck,19-Aug,3
Fruits & Vegetables - Apples,"Apples, Spice",Bushel,19-Aug,1
Fruits & Vegetables - Apples,"Apples, Spice",1/4 Peck,19-Aug,11
Fruits & Vegetables - Apples,"Apples, Spice",1/4 Peck,19-Sep,1
Fruits & Vegetables - Apples,"Apples, Spigold",Peck,19-Sep,1
Fruits & Vegetables - Apples,"Apples, Spigold",1/4 Peck,19-Aug,2
Fruits & Vegetables - Apples,"Apples, Spigold",1/4 Peck,19-Sep,2
Fruits & Vegetables - Apples,"Apples, Spigold",1/4 Peck,19-Oct,6
Fruits & Vegetables - Apples,"Apples, Stayman/Winesap",Peck,19-Oct,2
Fruits & Vegetables - Apples,"Apples, Stayman/Winesap",1/4 Peck,19-Sep,3
Fruits & Vegetables - Apples,"Apples, Stayman/Winesap",1/4 Peck,19-Oct,11
Fruits & Vegetables - Apples,"Apples, Stayman/Winesap",1/4 Peck,19-Nov,1
Fruits & Vegetables - Apples,"Apples, Striped Rome Beauty",Bushel,19-Sep,1
Fruits & Vegetables - Apples,"Apples, Striped Rome Beauty",Bushel,19-Oct,1
Fruits & Vegetables - Apples,"Apples, Summer Banana",1/4 Peck,19-Aug,2
Fruits & Vegetables - Apples,"Apples, Summer Banana",1/4 Peck,19-Sep,1
Fruits & Vegetables - Apples,"Apples, Summer Rambo",1/4 Peck,19-Aug,5
Fruits & Vegetables - Apples,"Apples, Summer Treat",Bushel,19-Jul,2
Fruits & Vegetables - Apples,"Apples, Summer Treat",1/4 Peck,19-Jul,9
Fruits & Vegetables - Apples,"Apples, Sweet Dixon",1/4 peck,19-Jul,3
Fruits & Vegetables - Apples,"Apples, Sweet Dixon",1/4 peck,19-Aug,2
Fruits & Vegetables - Apples,"Apples, Sweet Rusty Coat",1/4 Peck,19-Aug,2
Fruits & Vegetables - Apples,"Apples, Tolman Sweet",Peck,19-Jul,1
Fruits & Vegetables - Apples,"Apples, Tolman Sweet",1/4 Peck,19-Jul,10
Fruits & Vegetables - Apples,"Apples, Virginia Beauty",Peck,19-Sep,1
Fruits & Vegetables - Apples,"Apples, Virginia Beauty",Peck,19-Oct,1
Fruits & Vegetables - Apples,"Apples, Virginia Beauty",1/4 Peck,19-Sep,6
Fruits & Vegetables - Apples,"Apples, Virginia Gold",1/4 Peck,19-Sep,4
Fruits & Vegetables - Apples,"Apples, Virginia Gold",1/4 Peck,19-Oct,8
Fruits & Vegetables - Apples,"Apples, Williams Pride",Peck,19-Jul,1
Fruits & Vegetables - Apples,"Apples, Williams Pride",1/4 Peck,19-Jul,9
Fruits & Vegetables - Apples,"Apples, Winter Banana",Peck,19-Oct,1
Fruits & Vegetables - Apples,"Apples, Winter Banana",1/4 Peck,19-Oct,11
Fruits & Vegetables - Apples,"Apples, Winter Banana",1/4 Peck,19-Nov,4
Fruits & Vegetables - Apples,"Apples, Winter Greening",Peck,19-Sep,2
Fruits & Vegetables - Apples,"Apples, Wolf River",Peck,19-Aug,1
Fruits & Vegetables - Apples,"Apples, Wolf River",Peck,19-Sep,2
Fruits & Vegetables - Apples,"Apples, Wolf River",1/4 Peck,19-Aug,13
Fruits & Vegetables - Apples,"Apples, Wolf River",1/4 Peck,19-Sep,9
Fruits & Vegetables - Apples,"Apples, Yoko",Peck,19-Oct,1
Fruits & Vegetables - Apples,"Apples, Yoko",1/4 Peck,19-Oct,10
Fruits & Vegetables - Apples,"Apples, Yoko",1/4 Peck,19-Nov,3
Fruits & Vegetables - Apples,"Apples, Zesty Zee",1/4 Peck,19-Aug,1
Fruits & Vegetables - Greens,Arugula,1/4 lb. bag,18-Dec,20
Fruits & Vegetables - Greens,Arugula,1/4 lb. bag,19-Jan,61
Fruits & Vegetables - Greens,Arugula,1/4 lb. bag,19-Feb,62
Fruits & Vegetables - Greens,Arugula,1/4 lb. bag,19-Apr,49
Fruits & Vegetables - Greens,Arugula,1/4 lb. bag,19-May,37
Fruits & Vegetables - Greens,Arugula,1/4 lb. bag,19-Jun,34
Fruits & Vegetables - Greens,Arugula,1/4 lb. bag,19-Jul,4
Fruits & Vegetables - Greens,Arugula,1/4 lb. bag,19-Oct,36
Fruits & Vegetables - Greens,Arugula,1/4 lb. bag,19-Nov,8
Fruits & Vegetables - Greens,Arugula,1/3 lb. bag,19-Jan,16
Fruits & Vegetables - Greens,Arugula,1/3 lb. bag,19-Apr,13
Fruits & Vegetables - Greens,Arugula,1/3 lb. bag,19-May,15
Fruits & Vegetables - Greens,Arugula,1/3 lb. bag,19-Jun,10
Fruits & Vegetables - Greens,Arugula,1/3 lb. bag,19-Jul,12
Fruits & Vegetables - Greens,Arugula,1/3 lb. bag,19-Aug,25
Fruits & Vegetables - Greens,Arugula,1/3 lb. bag,19-Sep,49
Fruits & Vegetables - Greens,Arugula,1/3 lb. bag,19-Oct,27
Fruits & Vegetables - Greens,Arugula,1/3 lb. bag,19-Nov,6
Fruits & Vegetables - Greens,Asian Greens,Bunch (4-8 oz),19-Jan,25
Fruits & Vegetables - Greens,Asian Greens,Bunch (4-8 oz),19-Feb,19
Fruits & Vegetables - Greens,Asian Greens,Bunch (4-8 oz),19-Mar,13
Fruits & Vegetables - Greens,Asian Greens,Bunch (4-8 oz),19-Apr,11
Fruits & Vegetables - Greens,Asian Greens,Bunch (4-8 oz),19-May,8
Fruits & Vegetables - Greens,Asian Greens,Bunch (4-8 oz),19-Jun,10
Fruits & Vegetables - Greens,Asian Greens,Bunch (4-8 oz),19-Jul,6
Fruits & Vegetables - Greens,Asian Greens,Bunch (4-8 oz),19-Aug,11
Fruits & Vegetables - Greens,Asian Greens,Bunch (4-8 oz),19-Sep,7
Fruits & Vegetables - Greens,Asian Greens,Bunch (4-8 oz),19-Oct,1
Fruits & Vegetables - Greens,Asian Greens,Bunch (4-8 oz),19-Nov,14
Fruits & Vegetables - Greens,Asian Greens,Bunch (4-8 oz),19-Dec,11
Fruits & Vegetables - Greens,Baby Beet Greens,4 oz bag,19-Nov,5
Fruits & Vegetables - Greens,Baby Beet Greens,4 oz bag,19-Dec,3
Fruits & Vegetables - Fermented Products,Baby dills,Pint,19-Aug,2
Fruits & Vegetables - Herbs,"Basil, for Pesto",1 bag (about 1.33 lbs.),19-Aug,5
Fruits & Vegetables - Herbs,"Basil, for Pesto",1 bag (about 1.33 lbs.),19-Sep,14
Fruits & Vegetables - Herbs,"Basil, Fresh - Mixed Varieties",4 oz. bag,19-Jun,3
Fruits & Vegetables - Herbs,"Basil, Fresh - Mixed Varieties",4 oz. bag,19-Jul,10
Fruits & Vegetables - Herbs,"Basil, Fresh - Mixed Varieties",4 oz. bag,19-Aug,5
Fruits & Vegetables - Herbs,"Basil, Fresh - Mixed Varieties",4 oz. bag,19-Sep,1
Fruits & Vegetables - Herbs,"Basil, Fresh - Mixed Varieties",2 oz. bag,19-Jul,4
Fruits & Vegetables - Herbs,"Basil, Fresh - Mixed Varieties",2 oz. bag,19-Aug,1
Fruits & Vegetables - Herbs,"Basil, Fresh - Mixed Varieties",2 oz. bag,19-Sep,2
Fruits & Vegetables - Herbs,"Basil, Fresh - Mixed Varieties (2 oz bag)",4 oz. bag,19-Jun,6
Fruits & Vegetables - Herbs,"Basil, Fresh - Purple Opal",1 ounce bag,19-Jul,3
Fruits & Vegetables - Herbs,"Basil, Fresh - Purple Opal",1 ounce bag,19-Aug,1
Fruits & Vegetables - Herbs,"Basil, Fresh - Sweet Genovese (green)",3 ounces ,19-Aug,9
Fruits & Vegetables - Herbs,"Basil, Fresh - Sweet Genovese (green)",3 ounces ,19-Sep,8
Fruits & Vegetables - Herbs,"Basil, Fresh - Sweet Genovese (green)",1 ounce bag,19-Jul,4
Fruits & Vegetables - Herbs,"Basil, Fresh - Sweet Genovese (green)",1 ounce bag,19-Aug,1
Fruits & Vegetables - Herbs,"Basil, Fresh - Sweet Genovese (green)",1 ounce,19-Aug,13
Fruits & Vegetables - Herbs,"Basil, Fresh - Sweet Genovese (green)",1 ounce,19-Sep,9
Fruits & Vegetables - Herbs,"Basil, Fresh - Sweet Genovese (green)",1 ounce,19-Oct,9
Fruits & Vegetables - Beans & Peas,"Beans, Assorted",Pound,19-Jul,8
Fruits & Vegetables - Beans & Peas,"Beans, Dwarf Horton Horticultural",pound,19-Jul,6
Fruits & Vegetables - Beans & Peas,"Beans, Dwarf Horton Horticultural",pound,19-Aug,4
Fruits & Vegetables - Beans & Peas,"Beans, Half Runner",Pound,19-Sep,23
Fruits & Vegetables - Beans & Peas,"Beans, Haricots Verts",1 lb,19-Aug,14
Fruits & Vegetables - Beans & Peas,"Beans, Haricots Verts ",1 lb,19-Aug,1
Fruits & Vegetables - Beans & Peas,"Beans, Snap",Pound,19-Jun,9
Fruits & Vegetables - Beans & Peas,"Beans, Snap",Pound,19-Jul,90
Fruits & Vegetables - Beans & Peas,"Beans, Snap",Pound,19-Aug,63
Fruits & Vegetables - Beans & Peas,"Beans, Snap",Pound,19-Sep,14
Fruits & Vegetables - Beans & Peas,"Beans, Snap",Pound,19-Oct,5
Fruits & Vegetables - Beets,Beets,1 bunch,19-Jan,1
Fruits & Vegetables - Beets,Beets,1 bunch,19-Feb,7
Fruits & Vegetables - Beets,Beets,1 bunch,19-May,53
Fruits & Vegetables - Beets,Beets,1 bunch,19-Jun,101
Fruits & Vegetables - Beets,Beets,1 bunch,19-Jul,35
Fruits & Vegetables - Beets,Beets,1 bunch,19-Aug,3
Fruits & Vegetables - Beets,Beets,1 bunch,19-Sep,5
Fruits & Vegetables - Beets,Beets,1 bunch,19-Oct,10
Fruits & Vegetables - Fermented Products,Beets and ginger,Pint,19-Aug,4
Fruits & Vegetables - Beets,"Beets, Without Greens",Pound,19-Jul,24
Fruits & Vegetables - Beets,"Beets, Without Greens",Pound,19-Aug,54
Fruits & Vegetables - Beets,"Beets, Without Greens",12 - 16 oz,19-Jul,1
Fruits & Vegetables - Beets,"Beets, Without Greens",12 - 16 oz,19-Aug,5
Fruits & Vegetables - Beets,"Beets, Without Greens",1 Pound,19-Jun,2
Fruits & Vegetables - Beets,"Beets, Without Greens",1 Pound,19-Jul,34
Fruits & Vegetables - Beets,"Beets, Without Greens",1 Pound,19-Aug,25
Fruits & Vegetables - Beets,"Beets, Without Greens",1 Pound,19-Sep,76
Fruits & Vegetables - Berries,Blueberries,1 quart,19-Jun,17
Fruits & Vegetables - Berries,Blueberries,1 quart,19-Jul,39
Fruits & Vegetables - Berries,Blueberries,2 pints,19-Jul,13
Fruits & Vegetables - Berries,Blueberries,2 pints,19-Aug,12
Fruits & Vegetables - Berries,Blueberries,1 pint,19-Jun,56
Fruits & Vegetables - Berries,Blueberries,1 pint,19-Jul,65
Fruits & Vegetables - Berries,Blueberries,1 pint,19-Aug,46
Fruits & Vegetables - Berries,Blueberries,1 gallon,19-Jul,6
Fruits & Vegetables - Berries,Blueberries (Frozen),1 quart,19-Sep,30
Fruits & Vegetables - Greens,"Bok Choy, Green",1 head,19-May,34
Fruits & Vegetables - Greens,"Bok Choy, Green",1 head,19-Jun,16
Fruits & Vegetables - Greens,"Bok Choy, Green",1 head,19-Sep,8
Fruits & Vegetables - Greens,"Bok Choy, Green",1 head,19-Oct,20
Fruits & Vegetables - Greens,"Bok Choy, Purple",1 head,19-May,2
Fruits & Vegetables - Greens,"Bok Choy, Purple",1 head,19-Jun,16
Fruits & Vegetables - Greens,"Bok Choy, Purple",1 head,19-Sep,20
Fruits & Vegetables - Greens,"Bok Choy, Purple",1 head,19-Oct,17
Fruits & Vegetables - Greens,"Bok Choy, Purple",1 head,19-Nov,5
Fruits & Vegetables - Broccoli,Broccoli,.75 lb. to 1 lb crown,19-May,6
Fruits & Vegetables - Broccoli,Broccoli,.75 lb. to 1 lb crown,19-Jun,30
Fruits & Vegetables - Broccoli,Broccoli,.75 lb. to 1 lb crown,19-Oct,17
Fruits & Vegetables - Broccoli,Broccoli,.5 to 1 lb crown,19-Jun,7
Fruits & Vegetables - Broccoli,Broccoli ,.75 lb. to 1 lb crown,19-May,5
Fruits & Vegetables - Broccoli,Broccoli ,.75 lb. to 1 lb crown,19-Jun,3
Fruits & Vegetables - Broccoli,Broccoli ,.75 lb. to 1 lb crown,19-Oct,3
Fruits & Vegetables - Broccoli,Broccoli ,.5 to 1 lb crown,19-Jun,1
Fruits & Vegetables - Broccoli,Broccoli Raab,1 bunch,19-Jan,7
Fruits & Vegetables - Broccoli,Broccoli Raab,1 bunch,19-Oct,7
Fruits & Vegetables - Broccoli,Broccoli Raab,1 bunch,19-Nov,12
Fruits & Vegetables - Broccoli,Broccoli Raab,1 bunch,19-Dec,4
Fruits & Vegetables - Broccoli,"Broccoli, Arcadia",.25-1 pound head,19-Jun,5
Fruits & Vegetables - Broccoli,"Broccoli, Arcadia",.25-1 pound head,19-Jul,2
Fruits & Vegetables - Broccoli,"Broccoli, Arcadia",.25-1 pound head,19-Oct,3
Fruits & Vegetables - Cabbage,Cabbage,1 head - 2-4lbs,19-Jun,5
Fruits & Vegetables - Cabbage,Cabbage,1 head - 2-4lbs,19-Oct,1
Fruits & Vegetables - Cabbage,"Cabbage, Chinese",Bunch,19-Jan,20
Fruits & Vegetables - Cabbage,"Cabbage, Chinese",Bunch,19-Dec,4
Fruits & Vegetables - Cabbage,"Cabbage, Chinese",2 heads (totally 1.5 to 2lbs),19-Sep,25
Fruits & Vegetables - Cabbage,"Cabbage, Chinese",2 heads (totally 1.5 to 2lbs),19-Oct,29
Fruits & Vegetables - Cabbage,"Cabbage, Chinese",2 heads (totally 1.5 to 2lbs),19-Nov,4
Fruits & Vegetables - Cabbage,"Cabbage, Dutch Flat Head",1 head - 2-4lbs,19-Jun,8
Fruits & Vegetables - Cabbage,"Cabbage, Dutch Flat Head",1 head - 2-4lbs,19-Jul,9
Fruits & Vegetables - Cabbage,"Cabbage, Green",1-3 pound head,19-Jun,3
Fruits & Vegetables - Cabbage,"Cabbage, Green",1-3 pound head,19-Jul,3
Fruits & Vegetables - Cabbage,"Cabbage, Green",1-3 pound head,19-Oct,1
Fruits & Vegetables - Cabbage,"Cabbage, Green",1-3 pound head,19-Nov,3
Fruits & Vegetables - Carrots,Carrots,1 Pound,19-Jun,35
Fruits & Vegetables - Carrots,Carrots,1 Pound,19-Jul,69
Fruits & Vegetables - Carrots,Carrots,1 Pound,19-Aug,114
Fruits & Vegetables - Carrots,Carrots,3 Pound,19-Jul,1
Fruits & Vegetables - Carrots,Carrots,3 Pound,19-Aug,10
Fruits & Vegetables - Carrots,Carrots,1 lb,19-Jun,44
Fruits & Vegetables - Carrots,Carrots,1 lb,19-Jul,26
Fruits & Vegetables - Carrots,Carrots,1 bunch,19-Jun,25
Fruits & Vegetables - Carrots,Carrots,1 bunch,19-Jul,17
Fruits & Vegetables - Carrots,Carrots,1 bunch,19-Aug,2
Fruits & Vegetables - Carrots,Carrots,1 bunch,19-Sep,11
Fruits & Vegetables - Carrots,"Carrots, Without Tops",Pound,19-Jul,59
Fruits & Vegetables - Fermented Products,"Cayenne Hot Sauce, Fermented",5oz,19-Dec,4
Fruits & Vegetables - Celery,Celery,1 celery head,19-Aug,7
Fruits & Vegetables - Celery,Celery,1 celery head,19-Sep,12
Fruits & Vegetables - Fermented Products,Chow chow,Pint,19-Aug,1
Fruits & Vegetables - Herbs,"Cilantro, Fresh",1 ounce bag,19-Jul,5
Fruits & Vegetables - Herbs,"Cilantro, Fresh",1 ounce bag,19-Aug,4
Fruits & Vegetables - Herbs,"Cilantro, Fresh",1 bunch,19-Jan,6
Fruits & Vegetables - Herbs,"Cilantro, Fresh",1 bunch,19-Feb,5
Fruits & Vegetables - Herbs,"Cilantro, Fresh",1 bunch,19-Mar,4
Fruits & Vegetables - Herbs,"Cilantro, Fresh",1 bunch,19-Apr,5
Fruits & Vegetables - Herbs,"Cilantro, Fresh",1 bunch,19-May,10
Fruits & Vegetables - Herbs,"Cilantro, Fresh",1 bunch,19-Aug,14
Fruits & Vegetables - Herbs,"Cilantro, Fresh",1 bunch,19-Sep,22
Fruits & Vegetables - Herbs,"Cilantro, Fresh",1 bunch,19-Oct,24
Fruits & Vegetables - Herbs,"Cilantro, Fresh",1 bunch,19-Nov,16
Fruits & Vegetables - Herbs,"Cilantro, Fresh",1 bunch,19-Dec,5
Fruits & Vegetables - Greens,Collards,Bunch (12-16 oz),19-Jan,5
Fruits & Vegetables - Greens,Collards,Bunch (12-16 oz),19-Feb,1
Fruits & Vegetables - Greens,Collards,Bunch (12-16 oz),19-Jun,1
Fruits & Vegetables - Greens,Collards,Bunch (12-16 oz),19-Jul,4
Fruits & Vegetables - Greens,Collards,Bunch (12-16 oz),19-Aug,5
Fruits & Vegetables - Greens,Collards,Bunch (12-16 oz),19-Sep,4
Fruits & Vegetables - Greens,Collards,Bunch (12-16 oz),19-Oct,7
Fruits & Vegetables - Greens,Collards,Bunch (12-16 oz),19-Nov,11
Fruits & Vegetables - Greens,Collards,Bunch (12-16 oz),19-Dec,4
Fruits & Vegetables - Greens,Collards,5 lb bag,19-Oct,6
Fruits & Vegetables - Greens,Collards,1 bunch,18-Dec,10
Fruits & Vegetables - Greens,Collards,1 bunch,19-May,61
Fruits & Vegetables - Greens,Collards,1 bunch,19-Jun,31
Fruits & Vegetables - Greens,Collards,1 bunch,19-Jul,17
Fruits & Vegetables - Greens,Collards,1 bunch,19-Aug,8
Fruits & Vegetables - Greens,Collards,1 bunch,19-Sep,32
Fruits & Vegetables - Greens,Collards,1 bunch,19-Oct,42
Fruits & Vegetables - Greens,Collards,1 bunch,19-Nov,1
Fruits & Vegetables - Greens,Collards,1 bunch,19-Dec,1
Fruits & Vegetables - Corn,"Corn, Unshucked",1 ear,19-Aug,104
Fruits & Vegetables - Apples,"Credit: Apples, Bramley Seedling",1/4 Peck,19-Sep,-2
Fruits & Vegetables - Apples,"Credit: Apples, Golden Delicious",1/4 Peck,19-Sep,-1
Fruits & Vegetables - Apples,"Credit: Apples, Idared Jonathan",1/4 Peck,19-Oct,-1
Fruits & Vegetables - Apples,"Credit: Apples, Red Delicious",Peck,19-Sep,-1
Fruits & Vegetables - Apples,"Credit: Apples, Roxbury Russet",1/4 peck,19-Oct,-2
Fruits & Vegetables - Apples,"Credit: Apples, Spice",1/4 Peck,19-Aug,-1
Fruits & Vegetables - Apples,"Credit: Apples, Wolf River",1/4 Peck,19-Aug,-1
Fruits & Vegetables - Greens,Credit: Arugula,1/3 lb. bag,19-Aug,-4
Fruits & Vegetables - Herbs,"Credit: Basil, for Pesto",1 bag (about 1.33 lbs.),19-Aug,-1
Fruits & Vegetables - Herbs,"Credit: Basil, Fresh - Mixed Varieties",4 oz. bag,19-Jul,-1
Fruits & Vegetables - Herbs,"Credit: Basil, Fresh - Sweet Genovese (green)",3 ounces ,19-Aug,-1
Fruits & Vegetables - Herbs,"Credit: Basil, Fresh - Sweet Genovese (green)",3 ounces ,19-Sep,-1
Fruits & Vegetables - Herbs,"Credit: Basil, Fresh - Sweet Genovese (green)",1 ounce,19-Aug,-1
Fruits & Vegetables - Beans & Peas,"Credit: Beans, Haricots Verts ",1 lb,19-Aug,-1
Fruits & Vegetables - Beans & Peas,"Credit: Beans, Snap",Pound,19-Aug,-1
Fruits & Vegetables - Berries,Credit: Blueberries,2 pints,19-Aug,-1
Fruits & Vegetables - Berries,Credit: Blueberries,1 quart,19-Jul,-1
Fruits & Vegetables - Carrots,Credit: Carrots,1 Pound,19-Aug,-13
Fruits & Vegetables - Cucumbers,Credit: Cucumbers,Pound,19-Aug,-5
Fruits & Vegetables - Beans & Peas,"Credit: Dried Beans, Red Kidney",2 lb bag,19-Feb,-2
Fruits & Vegetables - Eggplant,Credit: Eggplant,Pound,19-Aug,-6
Fruits & Vegetables - Garlic and Ramps,"Credit: Garlic sprig, Elephant - fresh",1 sprig,19-Jun,-1
Fruits & Vegetables - Garlic and Ramps,"Credit: Garlic, Green - whole plant",1 bunch,19-May,-1
Fruits & Vegetables - Greens,"Credit: Kale, Scarlet",1 Bunch,19-Jun,-1
Fruits & Vegetables - Kohlrabi,"Credit: Kohlrabi, Purple",1 bunch (3 Kohlrabis),19-Nov,-1
Fruits & Vegetables - Onions and Leeks,Credit: Leeks,1/2 lb bunch,19-Oct,-1
Fruits & Vegetables - Lettuces,"Credit: Lettuce, Butter Crunch",head,19-May,-1
Fruits & Vegetables - Lettuces,"Credit: Lettuce, Green Butterhead",1 head,19-Nov,-2
Fruits & Vegetables - Lettuces,"Credit: Lettuce, Red Butterhead",1 head,19-Feb,-2
Fruits & Vegetables - Peppers,"Credit: Peppers, Bell (Green)",Each,19-Oct,-1
Fruits & Vegetables - Peppers,"Credit: Peppers, Mix - Red and Gold - Sweet Italian",Pound,19-Oct,-4
Fruits & Vegetables - Peppers,"Credit: Peppers, Shishito",1 pint,19-Aug,-4
Fruits & Vegetables - Peppers,"Credit: Peppers, Shishito",1 lb bag,19-Oct,-8
Fruits & Vegetables - Potatoes,"Credit: Potatoes, Kennebec",8 lb bag,19-Oct,-1
Fruits & Vegetables - Potatoes,"Credit: Potatoes, Yellow",Pounds,19-Jan,-1
Fruits & Vegetables - Winter Squash,"Credit: Pumpkin, Seminole",6 - 9 lbs.,19-Dec,-1
Fruits & Vegetables - Winter Squash,"Credit: Pumpkin, Seminole",3 - 5 lbs.,19-Dec,-1
Fruits & Vegetables - Quince,Credit: Quince,Pound,19-Oct,-2
Fruits & Vegetables - Radishes,Credit: Radishes,1 bunch,19-Jun,-5
Fruits & Vegetables - Radishes,"Credit: Radishes, Icicle",1 bunch,19-Feb,-1
Fruits & Vegetables - Greens,Credit: Rainbow Chard,Bunch (8 oz),19-Oct,-2
Fruits & Vegetables - Herbs,"Credit: Rosemary, Fresh",Large bunch ,19-Jan,-1
Fruits & Vegetables - Herbs,"Credit: Rosemary, Fresh",1 oz bunch,19-Apr,-1
Fruits & Vegetables - Greens,Credit: Spring Salad Mix,1/3 lb bag,19-Sep,-1
Fruits & Vegetables - Greens,Credit: Spring Salad Mix,1/3 lb bag,19-Nov,-1
Fruits & Vegetables - Summer Squash,"Credit: Summer Squash, Zucchini",Pound,19-Aug,-2
Fruits & Vegetables - Tomatoes,"Credit: Tomatoes, Mixed Heirloom Cherry Varieties",per lb.,19-Oct,-1
Fruits & Vegetables - Tomatoes,"Credit: Tomatoes, Mixed Heirloom Varieties",per lb,19-Aug,-1
Fruits & Vegetables - Tomatoes,"Credit: Tomatoes, Slicing",1 lb,19-Jul,-1
Fruits & Vegetables - Specialty,Crosnes,1 oz ,19-Dec,14
Fruits & Vegetables - Cucumbers,Cucumbers,Pound,19-Jun,94
Fruits & Vegetables - Cucumbers,Cucumbers,Pound,19-Jul,228
Fruits & Vegetables - Cucumbers,Cucumbers,Pound,19-Aug,109
Fruits & Vegetables - Cucumbers,Cucumbers,Pound,19-Sep,31
Fruits & Vegetables - Cucumbers,Cucumbers,Pound,19-Oct,3
Fruits & Vegetables - Fermented Products,Curtido,Pint,19-Aug,1
Fruits & Vegetables - Herbs,"Dill, Fresh",1 ounce bag,19-Jul,3
Fruits & Vegetables - Herbs,"Dill, Fresh",1 bunch,19-Aug,13
Fruits & Vegetables - Herbs,"Dill, Fresh",1 bunch,19-Sep,16
Fruits & Vegetables - Herbs,"Dill, Fresh",1 bunch,19-Oct,7
Fruits & Vegetables - Herbs,"Dill, Fresh",1 bunch,19-Nov,1
Fruits & Vegetables - Fermented Products,Dilly Beans,Pint,19-Sep,2
Fruits & Vegetables - Fermented Products,Dilly Beans,Pint,19-Oct,4
Fruits & Vegetables - Dried Fruits,Dried Apples,small bag (sandwich size),19-Jan,2
Fruits & Vegetables - Dried Fruits,Dried Apples,small bag (sandwich size),19-Feb,7
Fruits & Vegetables - Beans & Peas,"Dried Beans, Baby Lima",2 lb bag,18-Dec,1
Fruits & Vegetables - Beans & Peas,"Dried Beans, Baby Lima",2 lb bag,19-Jan,3
Fruits & Vegetables - Beans & Peas,"Dried Beans, Baby Lima",2 lb bag,19-Feb,1
Fruits & Vegetables - Beans & Peas,"Dried Beans, Great Northern",2 lb bag,19-Jan,4
Fruits & Vegetables - Beans & Peas,"Dried Beans, Great Northern",2 lb bag,19-Feb,1
Fruits & Vegetables - Beans & Peas,"Dried Beans, Pinto",2 lb bag,18-Dec,1
Fruits & Vegetables - Beans & Peas,"Dried Beans, Pinto",2 lb bag,19-Jan,8
Fruits & Vegetables - Beans & Peas,"Dried Beans, Pinto",2 lb bag,19-Feb,9
Fruits & Vegetables - Beans & Peas,"Dried Beans, Red Kidney",2 lb bag,18-Dec,1
Fruits & Vegetables - Beans & Peas,"Dried Beans, Red Kidney",2 lb bag,19-Jan,4
Fruits & Vegetables - Beans & Peas,"Dried Beans, Red Kidney",2 lb bag,19-Feb,2
Fruits & Vegetables - Edible Flowers,Edible Flowers - Violas,Half pint,19-Jun,8
Fruits & Vegetables - Edible Flowers,"Edible Flowers, Mixed",40 flowers,19-Jun,4
Fruits & Vegetables - Edible Flowers,"Edible Flowers, Mixed",40 flowers,19-Jul,1
Fruits & Vegetables - Edible Flowers,"Edible Flowers, Mixed",40 flowers,19-Aug,2
Fruits & Vegetables - Eggplant,Eggplant,Pound,19-Jul,17
Fruits & Vegetables - Eggplant,Eggplant,Pound,19-Aug,61
Fruits & Vegetables - Eggplant,Eggplant,Pound,19-Oct,10
Fruits & Vegetables - Greens,Farmer's Salad Mix,1/3 lb. bag,19-Jul,5
Fruits & Vegetables - Greens,Farmer's Salad Mix ,1/3 lb. bag,19-Jul,2
Fruits & Vegetables - Herbs,"Fennel, Baby",3 baby bulbs,19-Aug,3
Fruits & Vegetables - Herbs,"Fennel, Baby",3 baby bulbs,19-Sep,5
Fruits & Vegetables - Herbs,"Fennel, Bulb",1 bulb,19-Jul,16
Fruits & Vegetables - Herbs,"Fennel, Bulb",1 bulb,19-Aug,4
Fruits & Vegetables - Garlic and Ramps,"Garlic bulbs, Cured",2 oz. bulb,18-Dec,10
Fruits & Vegetables - Garlic and Ramps,"Garlic bulbs, Cured",2 oz. bulb,19-Jan,10
Fruits & Vegetables - Garlic and Ramps,"Garlic bulbs, Cured",2 oz. bulb,19-Jul,7
Fruits & Vegetables - Garlic and Ramps,"Garlic bulbs, Cured",2 oz. bulb,19-Aug,37
Fruits & Vegetables - Garlic and Ramps,"Garlic bulbs, Cured",2 oz. bulb,19-Sep,41
Fruits & Vegetables - Garlic and Ramps,"Garlic bulbs, Cured",2 oz. bulb,19-Oct,50
Fruits & Vegetables - Garlic and Ramps,"Garlic bulbs, Cured",2 oz. bulb,19-Nov,28
Fruits & Vegetables - Garlic and Ramps,"Garlic bulbs, Cured",2.5 oz bulb,19-Jul,6
Fruits & Vegetables - Garlic and Ramps,"Garlic bulbs, Cured",2.5 oz bulb,19-Aug,14
Fruits & Vegetables - Garlic and Ramps,"Garlic bulbs, Cured",2.5 oz bulb,19-Sep,23
Fruits & Vegetables - Garlic and Ramps,"Garlic bulbs, Cured",Pound,19-Jan,2
Fruits & Vegetables - Garlic and Ramps,"Garlic bulbs, Cured",1 oz.,19-Jan,36
Fruits & Vegetables - Garlic and Ramps,"Garlic bulbs, Cured",1 oz.,19-Feb,33
Fruits & Vegetables - Garlic and Ramps,"Garlic bulbs, fresh",2.5 oz. bulb,19-Jun,3
Fruits & Vegetables - Garlic and Ramps,"Garlic bulbs, fresh",2.5 oz. bulb,19-Jul,9
Fruits & Vegetables - Garlic and Ramps,"Garlic bulbs, fresh",2 oz. bulb,19-Jun,9
Fruits & Vegetables - Garlic and Ramps,"Garlic bulbs, fresh",2 oz. bulb,19-Jul,21
Fruits & Vegetables - Fermented Products,Garlic dill spears,Pint,19-Aug,2
Fruits & Vegetables - Garlic and Ramps,Garlic Scapes,8 oz.,19-May,2
Fruits & Vegetables - Garlic and Ramps,Garlic Scapes,8 oz.,19-Jun,7
Fruits & Vegetables - Garlic and Ramps,Garlic Scapes,1/4 lb bunch,19-May,3
Fruits & Vegetables - Garlic and Ramps,Garlic Scapes,1/4 lb bunch,19-Jun,23
Fruits & Vegetables - Garlic and Ramps,Garlic Scapes,1 bundle,19-Jun,9
Fruits & Vegetables - Garlic and Ramps,Garlic Scapes,1 bundle,19-Jul,3
Fruits & Vegetables - Garlic and Ramps,"Garlic Scapes, Baby",1/2 lb bag,19-Jun,4
Fruits & Vegetables - Garlic and Ramps,"Garlic Scapes, Baby",1/2 lb bag,19-Jul,5
Fruits & Vegetables - Garlic and Ramps,"Garlic sprig, Elephant - fresh",1 sprig,19-May,11
Fruits & Vegetables - Garlic and Ramps,"Garlic sprig, Elephant - fresh",1 sprig,19-Jun,13
Fruits & Vegetables - Garlic and Ramps,"Garlic, Black (Seconds)",2-5 bulbs weighing at least 4 oz. in aggregate,19-Sep,16
Fruits & Vegetables - Garlic and Ramps,"Garlic, Black (Seconds)",2-5 bulbs weighing at least 4 oz. in aggregate,19-Oct,14
Fruits & Vegetables - Garlic and Ramps,"Garlic, Green - whole plant",1 bunch,19-Apr,20
Fruits & Vegetables - Garlic and Ramps,"Garlic, Green - whole plant",1 bunch,19-May,28
Fruits & Vegetables - Garlic and Ramps,"Garlic, Green - whole plant",1 bunch,19-Jun,3
Fruits & Vegetables - Herbs,"Ginger, Fresh",1 lb bag,19-Oct,35
Fruits & Vegetables - Herbs,"Ginger, Fresh",1 lb bag,19-Nov,22
Fruits & Vegetables - Herbs,"Ginger, Fresh Baby",1 lb.,19-Oct,6
Fruits & Vegetables - Herbs,"Ginger, Fresh Baby",1 lb.,19-Nov,2
Fruits & Vegetables - Herbs,"Ginger, Fresh Baby",1 lb.,19-Dec,2
Fruits & Vegetables - Berries,Goumi,6 oz. container,19-May,4
Fruits & Vegetables - Berries,Goumi,6 oz. container,19-Jun,9
Fruits & Vegetables - Winter Squash,"Gourds, Mixed Decorative (not edible)","Mixed bag, 6 ct",19-Oct,2
Fruits & Vegetables - Winter Squash,"Gourds, Mixed Decorative (not edible)","Mixed bag, 6 ct",19-Nov,4
Fruits & Vegetables - Winter Squash,"Gourds, Mixed Decorative (not edible)",Each,19-Sep,17
Fruits & Vegetables - Beans & Peas,"Green Beans, Roma 2",Pound,19-Jun,4
Fruits & Vegetables - Beans & Peas,"Green Beans, Roma 2 ",Pound,19-Jun,1
Fruits & Vegetables - Beans & Peas,"Green Beans, Roma II",Pound,19-Jun,3
Fruits & Vegetables - Beans & Peas,"Green Beans, Roma II",Pound,19-Jul,33
Fruits & Vegetables - Beans & Peas,"Green Beans, Roma II",Pound,19-Aug,4
Fruits & Vegetables - Peppers,Green Chilies,1/4 lb bag,19-Aug,2
Fruits & Vegetables - Peppers,Green Chilies,1/4 lb bag,19-Sep,14
Fruits & Vegetables - Peppers,Green Chilies,1/4 lb bag,19-Oct,2
Fruits & Vegetables - Berries,Huckleberries,1/2 pint container,19-Jun,6
Fruits & Vegetables - Specialty,Jerusalem Artichokes,Per Pound,19-Oct,3
Fruits & Vegetables - Specialty,Jerusalem Artichokes,Per Pound,19-Nov,5
Fruits & Vegetables - Specialty,Jerusalem Artichokes,1 Pound ,19-Nov,11
Fruits & Vegetables - Specialty,Jerusalem Artichokes,1 Pound ,19-Dec,7
Fruits & Vegetables - Specialty,Jerusalem Artichokes,1 pound,19-Sep,13
Fruits & Vegetables - Specialty,Jerusalem Artichokes,1 pound,19-Oct,6
Fruits & Vegetables - Greens,"Kale, Curly",10 oz. bag,19-May,4
Fruits & Vegetables - Greens,"Kale, Curly",10 oz. bag,19-Jun,12
Fruits & Vegetables - Greens,"Kale, Curly",10 oz. bag,19-Jul,4
Fruits & Vegetables - Greens,"Kale, Curly",10 oz. bag,19-Oct,6
Fruits & Vegetables - Greens,"Kale, Curly",10 oz. bag,19-Nov,3
Fruits & Vegetables - Greens,"Kale, Curly",5 lb bag,19-Oct,4
Fruits & Vegetables - Greens,"Kale, Curly",1 bunch,19-Apr,24
Fruits & Vegetables - Greens,"Kale, Curly",1 bunch,19-May,32
Fruits & Vegetables - Greens,"Kale, Curly",1 bunch,19-Jun,34
Fruits & Vegetables - Greens,"Kale, Curly",1 bunch,19-Jul,35
Fruits & Vegetables - Greens,"Kale, Curly",1 bunch,19-Aug,21
Fruits & Vegetables - Greens,"Kale, Curly",1 bunch,19-Sep,11
Fruits & Vegetables - Greens,"Kale, Curly",1 bunch,19-Oct,13
Fruits & Vegetables - Greens,"Kale, Curly",1 bunch,19-Nov,11
Fruits & Vegetables - Greens,"Kale, Curly",1/2 pound bag,19-Jun,1
Fruits & Vegetables - Greens,"Kale, Curly",1 bag,18-Dec,11
Fruits & Vegetables - Greens,"Kale, Curly",1 bag,19-May,12
Fruits & Vegetables - Greens,"Kale, Curly",1 bag,19-Sep,11
Fruits & Vegetables - Greens,"Kale, Curly",1 bag,19-Oct,35
Fruits & Vegetables - Greens,"Kale, Curly",1 bag,19-Nov,5
Fruits & Vegetables - Greens,"Kale, Lacinato",1 Bunch,19-Jul,4
Fruits & Vegetables - Greens,"Kale, Lacinato",1 Bunch,19-Aug,9
Fruits & Vegetables - Greens,"Kale, Lacinato",1 Bunch,19-Sep,9
Fruits & Vegetables - Greens,"Kale, Lacinato",1 Bunch,19-Oct,10
Fruits & Vegetables - Greens,"Kale, Lacinato",1 bunch,19-May,35
Fruits & Vegetables - Greens,"Kale, Lacinato",1 bunch,19-Jun,17
Fruits & Vegetables - Greens,"Kale, Mixed Varieties",Bunch (8 oz),19-Jan,22
Fruits & Vegetables - Greens,"Kale, Mixed Varieties",Bunch (8 oz),19-Feb,7
Fruits & Vegetables - Greens,"Kale, Mixed Varieties",Bunch (8 oz),19-Mar,7
Fruits & Vegetables - Greens,"Kale, Mixed Varieties",Bunch (8 oz),19-Jun,2
Fruits & Vegetables - Greens,"Kale, Mixed Varieties",Bunch (8 oz),19-Jul,3
Fruits & Vegetables - Greens,"Kale, Mixed Varieties",Bunch (8 oz),19-Aug,6
Fruits & Vegetables - Greens,"Kale, Mixed Varieties",Bunch (8 oz),19-Sep,11
Fruits & Vegetables - Greens,"Kale, Mixed Varieties",Bunch (8 oz),19-Oct,6
Fruits & Vegetables - Greens,"Kale, Mixed Varieties",Bunch (8 oz),19-Nov,21
Fruits & Vegetables - Greens,"Kale, Mixed Varieties",Bunch (8 oz),19-Dec,6
Fruits & Vegetables - Greens,"Kale, Purple Curly",3/4 pound bag,19-May,4
Fruits & Vegetables - Greens,"Kale, Purple Curly",3/4 pound bag,19-Jun,8
Fruits & Vegetables - Greens,"Kale, Purple Curly",3/4 pound bag,19-Jul,8
Fruits & Vegetables - Greens,"Kale, Purple Curly",3/4 pound bag,19-Nov,3
Fruits & Vegetables - Greens,"Kale, Purple Curly",1 bag,19-May,10
Fruits & Vegetables - Greens,"Kale, Purple Curly",1 bag,19-Oct,13
Fruits & Vegetables - Greens,"Kale, Purple Curly",1 bag,19-Nov,5
Fruits & Vegetables - Greens,"Kale, Scarlet",1 Bunch,19-May,17
Fruits & Vegetables - Greens,"Kale, Scarlet",1 Bunch,19-Jun,4
Fruits & Vegetables - Greens,"Kale, Scarlet",1 Bunch,19-Jul,3
Fruits & Vegetables - Greens,"Kale, Siberian",1/2 pound bag,19-Jun,3
Fruits & Vegetables - Fermented Products,Kimchi,Pint,19-Aug,12
Fruits & Vegetables - Fermented Products,Kimchi,Pint,19-Sep,3
Fruits & Vegetables - Fermented Products,Kimchi,Pint,19-Oct,4
Fruits & Vegetables - Fermented Products,Kimchi,Pint,19-Nov,4
Fruits & Vegetables - Fermented Products,Kimchi,Pint,19-Dec,7
Fruits & Vegetables - Fermented Products,Kimchi Shot,Pint,19-Aug,3
Fruits & Vegetables - Fermented Products,Kimchi Shot,Pint,19-Sep,1
Fruits & Vegetables - Fermented Products,Kimchi Shot,Pint,19-Nov,7
Fruits & Vegetables - Fermented Products,Kimchi Shot,Pint,19-Dec,6
Fruits & Vegetables - Kohlrabi,"Kohlrabi, Purple",1 bunch (3 Kohlrabis),19-May,10
Fruits & Vegetables - Kohlrabi,"Kohlrabi, Purple",1 bunch (3 Kohlrabis),19-Jun,9
Fruits & Vegetables - Kohlrabi,"Kohlrabi, Purple",1 bunch (3 Kohlrabis),19-Oct,10
Fruits & Vegetables - Kohlrabi,"Kohlrabi, Purple",1 bunch (3 Kohlrabis),19-Nov,15
Fruits & Vegetables - Onions and Leeks,Leeks,3-5 oz,19-Feb,10
Fruits & Vegetables - Onions and Leeks,Leeks,3-5 oz,19-Mar,20
Fruits & Vegetables - Onions and Leeks,Leeks,3-5 oz,19-Apr,16
Fruits & Vegetables - Onions and Leeks,Leeks,3-5 oz,19-May,7
Fruits & Vegetables - Onions and Leeks,Leeks,1/2 lb bunch,19-Aug,18
Fruits & Vegetables - Onions and Leeks,Leeks,1/2 lb bunch,19-Sep,24
Fruits & Vegetables - Onions and Leeks,Leeks,1/2 lb bunch,19-Oct,37
Fruits & Vegetables - Lettuces,"Lettuce, Bibb",1 head,19-Jul,1
Fruits & Vegetables - Lettuces,"Lettuce, Butter Crunch",head,19-Apr,23
Fruits & Vegetables - Lettuces,"Lettuce, Butter Crunch",head,19-May,1
Fruits & Vegetables - Lettuces,"Lettuce, Cut",1/3 lb. bag,19-Apr,9
Fruits & Vegetables - Lettuces,"Lettuce, Cut",1/3 lb. bag,19-May,2
Fruits & Vegetables - Lettuces,"Lettuce, Cut",1/3 lb. bag,19-Aug,10
Fruits & Vegetables - Lettuces,"Lettuce, Green Butterhead",1 head,18-Dec,2
Fruits & Vegetables - Lettuces,"Lettuce, Green Butterhead",1 head,19-Mar,15
Fruits & Vegetables - Lettuces,"Lettuce, Green Butterhead",1 head,19-Apr,9
Fruits & Vegetables - Lettuces,"Lettuce, Green Butterhead",1 head,19-May,20
Fruits & Vegetables - Lettuces,"Lettuce, Green Butterhead",1 head,19-Jun,22
Fruits & Vegetables - Lettuces,"Lettuce, Green Butterhead",1 head,19-Jul,11
Fruits & Vegetables - Lettuces,"Lettuce, Green Butterhead",1 head,19-Sep,11
Fruits & Vegetables - Lettuces,"Lettuce, Green Butterhead",1 head,19-Oct,11
Fruits & Vegetables - Lettuces,"Lettuce, Green Butterhead",1 head,19-Nov,35
Fruits & Vegetables - Lettuces,"Lettuce, Green Butterhead",1 head,19-Dec,16
Fruits & Vegetables - Lettuces,"Lettuce, Green Leaf",1 head,19-May,7
Fruits & Vegetables - Lettuces,"Lettuce, Green Leaf",1 head,19-Jun,13
Fruits & Vegetables - Lettuces,"Lettuce, Green Leaf",1 head,19-Jul,2
Fruits & Vegetables - Lettuces,"Lettuce, Green Romaine",1 head,19-May,24
Fruits & Vegetables - Lettuces,"Lettuce, Green Romaine",1 head,19-Jun,19
Fruits & Vegetables - Lettuces,"Lettuce, Green Romaine",1 head,19-Jul,1
Fruits & Vegetables - Lettuces,"Lettuce, Green Romaine",1 head,19-Aug,15
Fruits & Vegetables - Lettuces,"Lettuce, Green Romaine",1 head,19-Sep,16
Fruits & Vegetables - Lettuces,"Lettuce, Green Romaine",1 head,19-Oct,25
Fruits & Vegetables - Lettuces,"Lettuce, Green Romaine",1 head,19-Nov,37
Fruits & Vegetables - Lettuces,"Lettuce, Green Romaine",1 head,19-Dec,42
Fruits & Vegetables - Lettuces,"Lettuce, Head",Head,19-Jan,1
Fruits & Vegetables - Lettuces,"Lettuce, Head",Head,19-Aug,21
Fruits & Vegetables - Lettuces,"Lettuce, Head",Head,19-Sep,7
Fruits & Vegetables - Lettuces,"Lettuce, Head",Head,19-Oct,1
Fruits & Vegetables - Lettuces,"Lettuce, Head",Head,19-Nov,6
Fruits & Vegetables - Lettuces,"Lettuce, Head",Head,19-Dec,2
Fruits & Vegetables - Lettuces,"Lettuce, Head",Case,19-Mar,1
Fruits & Vegetables - Lettuces,"Lettuce, Head",1 head,19-Aug,16
Fruits & Vegetables - Lettuces,"Lettuce, Head",1 head,19-Sep,12
Fruits & Vegetables - Lettuces,"Lettuce, Hydroponic",Head,19-Jan,10
Fruits & Vegetables - Lettuces,"Lettuce, Hydroponic",Head,19-Feb,14
Fruits & Vegetables - Lettuces,"Lettuce, Hydroponic",Head,19-Mar,36
Fruits & Vegetables - Lettuces,"Lettuce, Hydroponic",Head,19-Apr,32
Fruits & Vegetables - Lettuces,"Lettuce, Hydroponic",Head,19-May,3
Fruits & Vegetables - Lettuces,"Lettuce, Hydroponic",Head,19-Aug,20
Fruits & Vegetables - Lettuces,"Lettuce, Hydroponic",Head,19-Sep,6
Fruits & Vegetables - Lettuces,"Lettuce, Hydroponic",Head,19-Oct,1
Fruits & Vegetables - Lettuces,"Lettuce, Hydroponic",Head,19-Nov,8
Fruits & Vegetables - Lettuces,"Lettuce, Hydroponic",Head,19-Dec,3
Fruits & Vegetables - Lettuces,"Lettuce, Loose Leaf Green",1/3 lb. bag,19-Jul,2
Fruits & Vegetables - Lettuces,"Lettuce, Loose Leaf Green",1/2 pound bag,19-May,9
Fruits & Vegetables - Lettuces,"Lettuce, Loose Leaf Green",1/2 pound bag,19-Jun,3
Fruits & Vegetables - Lettuces,"Lettuce, Loose Leaf Green",1/2 lb bag,19-Jun,3
Fruits & Vegetables - Lettuces,"Lettuce, Loose Leaf Green",1/2 lb bag,19-Jul,5
Fruits & Vegetables - Lettuces,"Lettuce, Loose Leaf Green",1/2 lb bag,19-Oct,19
Fruits & Vegetables - Lettuces,"Lettuce, Loose Leaf Spicy Mix",1 bag,19-Jun,2
Fruits & Vegetables - Lettuces,"Lettuce, Red Butterhead",1 head,18-Dec,10
Fruits & Vegetables - Lettuces,"Lettuce, Red Butterhead",1 head,19-Jan,14
Fruits & Vegetables - Lettuces,"Lettuce, Red Butterhead",1 head,19-Feb,8
Fruits & Vegetables - Lettuces,"Lettuce, Red Butterhead",1 head,19-Mar,19
Fruits & Vegetables - Lettuces,"Lettuce, Red Butterhead",1 head,19-Apr,59
Fruits & Vegetables - Lettuces,"Lettuce, Red Butterhead",1 head,19-May,30
Fruits & Vegetables - Lettuces,"Lettuce, Red Butterhead",1 head,19-Jun,41
Fruits & Vegetables - Lettuces,"Lettuce, Red Butterhead",1 head,19-Jul,16
Fruits & Vegetables - Lettuces,"Lettuce, Red Butterhead",1 head,19-Sep,21
Fruits & Vegetables - Lettuces,"Lettuce, Red Butterhead",1 head,19-Oct,43
Fruits & Vegetables - Lettuces,"Lettuce, Red Butterhead",1 head,19-Nov,54
Fruits & Vegetables - Lettuces,"Lettuce, Red Butterhead",1 head,19-Dec,49
Fruits & Vegetables - Lettuces,"Lettuce, Red Leaf",1 head,19-Jul,6
Fruits & Vegetables - Lettuces,"Lettuce, Red Leaf",1 head,19-Aug,3
Fruits & Vegetables - Lettuces,"Lettuce, Red Leaf",1 head,19-Sep,3
Fruits & Vegetables - Lettuces,"Lettuce, Red Oak Leaf",1 head,19-Apr,3
Fruits & Vegetables - Lettuces,"Lettuce, Red Oak Leaf",1 head,19-May,3
Fruits & Vegetables - Lettuces,"Lettuce, Red Romaine",1 head,19-May,3
Fruits & Vegetables - Lettuces,"Lettuce, Red Romaine",1 head,19-Jun,3
Fruits & Vegetables - Greens,Mache,4 oz bag,19-Apr,8
Fruits & Vegetables - Greens,"Microgreens, Arugula",2 oz,18-Dec,1
Fruits & Vegetables - Greens,"Microgreens, Arugula",2 oz,19-Jan,8
Fruits & Vegetables - Greens,"Microgreens, Arugula",2 oz,19-Feb,6
Fruits & Vegetables - Greens,"Microgreens, Arugula",2 oz,19-Mar,21
Fruits & Vegetables - Greens,"Microgreens, Arugula",2 oz,19-Apr,5
Fruits & Vegetables - Greens,"Microgreens, Arugula",2 oz,19-Jun,13
Fruits & Vegetables - Greens,"Microgreens, Arugula",2 oz,19-Jul,7
Fruits & Vegetables - Greens,"Microgreens, Arugula",2 oz,19-Aug,2
Fruits & Vegetables - Greens,"Microgreens, Arugula",2 oz,19-Sep,8
Fruits & Vegetables - Greens,"Microgreens, Arugula",2 oz,19-Oct,3
Fruits & Vegetables - Greens,"Microgreens, Arugula",2 oz,19-Nov,17
Fruits & Vegetables - Greens,"Microgreens, Arugula",2 oz,19-Dec,3
Fruits & Vegetables - Greens,"Microgreens, Arugula",1 oz,19-Aug,1
Fruits & Vegetables - Greens,"Microgreens, Asian Mix",4 oz container,19-Feb,1
Fruits & Vegetables - Greens,"Microgreens, Asian Mix",2 oz container,19-Jan,4
Fruits & Vegetables - Greens,"Microgreens, Asian Mix",2 oz container,19-Feb,2
Fruits & Vegetables - Greens,"Microgreens, Asian Mix",2 oz container,19-Mar,13
Fruits & Vegetables - Greens,"Microgreens, Asian Mix",2 oz container,19-Apr,10
Fruits & Vegetables - Greens,"Microgreens, Broccoli",1 oz,18-Dec,2
Fruits & Vegetables - Greens,"Microgreens, Broccoli",1 oz,19-Feb,13
Fruits & Vegetables - Greens,"Microgreens, Broccoli",1 oz,19-Mar,24
Fruits & Vegetables - Greens,"Microgreens, Broccoli",1 oz,19-Apr,15
Fruits & Vegetables - Greens,"Microgreens, Broccoli",1 oz,19-May,8
Fruits & Vegetables - Greens,"Microgreens, Broccoli",1 oz,19-Sep,2
Fruits & Vegetables - Greens,"Microgreens, Broccoli",1 oz,19-Oct,6
Fruits & Vegetables - Greens,"Microgreens, Broccoli",1 oz,19-Nov,21
Fruits & Vegetables - Greens,"Microgreens, Broccoli",1 oz,19-Dec,12
Fruits & Vegetables - Greens,"Microgreens, Cilantro",1 oz ,18-Dec,1
Fruits & Vegetables - Greens,"Microgreens, Cilantro",1 oz ,19-Jan,5
Fruits & Vegetables - Greens,"Microgreens, Cilantro",1 oz ,19-Mar,4
Fruits & Vegetables - Greens,"Microgreens, Cilantro",1 oz ,19-Apr,2
Fruits & Vegetables - Greens,"Microgreens, Cilantro",1 oz ,19-Jun,3
Fruits & Vegetables - Greens,"Microgreens, Cilantro",1 oz ,19-Jul,1
Fruits & Vegetables - Greens,"Microgreens, Citrus Basil",1 oz container,19-May,1
Fruits & Vegetables - Greens,"Microgreens, Citrus Basil",1 oz container,19-Jun,9
Fruits & Vegetables - Greens,"Microgreens, Citrus Basil",1 oz container,19-Jul,1
Fruits & Vegetables - Greens,"Microgreens, Dill and Red",2 oz Container,19-Jul,1
Fruits & Vegetables - Greens,"Microgreens, Farmer's Special",4 oz container ,19-Feb,1
Fruits & Vegetables - Greens,"Microgreens, Farmer's Special",4 oz container ,19-Mar,1
Fruits & Vegetables - Greens,"Microgreens, Kale",2 oz.,19-Mar,3
Fruits & Vegetables - Greens,"Microgreens, Kale",1 oz.,19-Mar,16
Fruits & Vegetables - Greens,"Microgreens, Kale",1 oz.,19-Apr,23
Fruits & Vegetables - Greens,"Microgreens, Kale",1 oz.,19-May,1
Fruits & Vegetables - Greens,"Microgreens, Madras Mix",2 oz,19-Apr,2
Fruits & Vegetables - Greens,"Microgreens, Market Special",4/24 50% off greens all sizes and varieties,19-Apr,14
Fruits & Vegetables - Greens,"Microgreens, Mediterranean",4 oz container ,19-Feb,1
Fruits & Vegetables - Greens,"Microgreens, Mediterranean",2 oz container,19-Jul,10
Fruits & Vegetables - Greens,"Microgreens, Mediterranean",2 oz container,19-Aug,3
Fruits & Vegetables - Greens,"Microgreens, Mediterranean",2 oz container,19-Sep,1
Fruits & Vegetables - Greens,"Microgreens, Mizuna",2 oz ,19-Feb,1
Fruits & Vegetables - Greens,"Microgreens, Pea Tendrils",4 oz,19-Feb,1
Fruits & Vegetables - Greens,"Microgreens, Pea Tendrils",2 oz,19-Jan,4
Fruits & Vegetables - Greens,"Microgreens, Pea Tendrils",2 oz,19-Feb,5
Fruits & Vegetables - Greens,"Microgreens, Pea Tendrils",2 oz,19-Apr,2
Fruits & Vegetables - Greens,"Microgreens, Pico de Gallo",2 oz,19-Mar,6
Fruits & Vegetables - Greens,"Microgreens, Pico de Gallo",1 oz,19-May,2
Fruits & Vegetables - Greens,"Microgreens, Pico de Gallo",1 oz,19-Jul,2
Fruits & Vegetables - Greens,"Microgreens, Pico de Gallo",1 oz,19-Sep,2
Fruits & Vegetables - Greens,"Microgreens, Pico de Gallo",1 oz,19-Nov,4
Fruits & Vegetables - Greens,"Microgreens, Purple Haze Mix",2 oz container,19-Mar,2
Fruits & Vegetables - Greens,"Microgreens, Sicilian",1 oz container,19-Jul,1
Fruits & Vegetables - Greens,"Microgreens, Spicy Mustard",4 oz container ,19-Feb,1
Fruits & Vegetables - Greens,"Microgreens, Sunflower",2 oz,19-Jan,3
Fruits & Vegetables - Greens,"Microgreens, Sunflower",2 oz,19-Feb,11
Fruits & Vegetables - Greens,"Microgreens, Sunflower",2 oz,19-Mar,7
Fruits & Vegetables - Greens,"Microgreens, Sunflower",2 oz,19-Apr,2
Fruits & Vegetables - Greens,"Microgreens, Sunflower",2 oz,19-May,1
Fruits & Vegetables - Greens,"Microgreens, Sunflower",2 oz,19-Jun,3
Fruits & Vegetables - Greens,"Microgreens, Sunshine Mix",2 oz container,18-Dec,3
Fruits & Vegetables - Greens,"Microgreens, Sunshine Mix",2 oz container,19-Jan,26
Fruits & Vegetables - Greens,"Microgreens, Sunshine Mix",2 oz container,19-Feb,33
Fruits & Vegetables - Greens,"Microgreens, Sunshine Mix",2 oz container,19-Mar,44
Fruits & Vegetables - Greens,"Microgreens, Sunshine Mix",2 oz container,19-Apr,45
Fruits & Vegetables - Greens,"Microgreens, Sunshine Mix",2 oz container,19-May,29
Fruits & Vegetables - Greens,"Microgreens, Sunshine Mix",2 oz container,19-Jun,26
Fruits & Vegetables - Greens,"Microgreens, Sunshine Mix",2 oz container,19-Jul,23
Fruits & Vegetables - Greens,"Microgreens, Sunshine Mix",2 oz container,19-Aug,26
Fruits & Vegetables - Greens,"Microgreens, Sunshine Mix",2 oz container,19-Sep,17
Fruits & Vegetables - Greens,"Microgreens, Sunshine Mix",2 oz container,19-Oct,25
Fruits & Vegetables - Greens,"Microgreens, Sunshine Mix",2 oz container,19-Nov,29
Fruits & Vegetables - Greens,"Microgreens, Sunshine Mix",2 oz container,19-Dec,27
Fruits & Vegetables - Greens,"Microgreens, Sunshine Mix",1 oz container,19-Nov,1
Fruits & Vegetables - Greens,"Microgreens, Sunshine Mix",1 lb container,19-Oct,1
Fruits & Vegetables - Greens,"Microgreens, Water Cress",1 oz,19-Aug,5
Fruits & Vegetables - Greens,"Microgreens, Water Cress",1 oz,19-Sep,3
Fruits & Vegetables - Greens,"Microgreens, Water Cress",1 oz,19-Oct,2
Fruits & Vegetables - Greens,"Microgreens, Water Cress",1 oz,19-Dec,1
Fruits & Vegetables - Greens,"Microgreens, Watercress",2 oz container,19-Aug,1
Fruits & Vegetables - Greens,Mustard Greens,1 bunch,19-Nov,13
Fruits & Vegetables - Greens,Mustard Greens,1 bunch,19-Dec,2
Fruits & Vegetables - Fermented Products,Nettle Kraut,Pint,19-Oct,1
Fruits & Vegetables - Fermented Products,Nettle Kraut,Pint,19-Nov,5
Fruits & Vegetables - Okra,"Okra, Clemson Spineless",1 pound,19-Oct,3
Fruits & Vegetables - Okra,"Okra, Crimson",Pound,19-Aug,5
Fruits & Vegetables - Okra,"Okra, Crimson",Pound,19-Sep,7
Fruits & Vegetables - Okra,"Okra, Green",Pound,19-Jul,5
Fruits & Vegetables - Okra,"Okra, Green",Pound,19-Aug,49
Fruits & Vegetables - Okra,"Okra, Green",Pound,19-Sep,42
Fruits & Vegetables - Okra,"Okra, Green",Pound,19-Oct,10
Fruits & Vegetables - Okra,"Okra, Green",1 pound,19-Aug,5
Fruits & Vegetables - Okra,"Okra, Green",1 pound,19-Sep,5
Fruits & Vegetables - Okra,"Okra, Green",1 pint,19-Jul,17
Fruits & Vegetables - Okra,"Okra, Green",1 pint,19-Aug,5
Fruits & Vegetables - Okra,"Okra, Mixed Varieties",Pound,19-Aug,7
Fruits & Vegetables - Okra,"Okra, Mixed Varieties",Pint,19-Aug,23
Fruits & Vegetables - Okra,"Okra, Mixed Varieties",Pint,19-Sep,50
Fruits & Vegetables - Onions and Leeks,Onions,Pound,19-Aug,44
Fruits & Vegetables - Onions and Leeks,"Onions, Green",1 Bunch,19-Feb,1
Fruits & Vegetables - Onions and Leeks,"Onions, Green",1 Bunch,19-Mar,60
Fruits & Vegetables - Onions and Leeks,"Onions, Green",1 Bunch,19-Apr,59
Fruits & Vegetables - Onions and Leeks,"Onions, Green",1 Bunch,19-May,32
Fruits & Vegetables - Onions and Leeks,"Onions, Green",1 Bunch,19-Jun,47
Fruits & Vegetables - Onions and Leeks,"Onions, Green",1 Bunch,19-Jul,15
Fruits & Vegetables - Onions and Leeks,"Onions, Green",1 bunch - 1/2 lb,19-Mar,19
Fruits & Vegetables - Onions and Leeks,"Onions, Green",1 bunch - 1/2 lb,19-May,3
Fruits & Vegetables - Onions and Leeks,"Onions, Green",1 bunch - 1/2 lb,19-Jun,38
Fruits & Vegetables - Onions and Leeks,"Onions, Green",1 bunch - 1/2 lb,19-Jul,34
Fruits & Vegetables - Onions and Leeks,"Onions, Green",1 lb bunch,19-Mar,5
Fruits & Vegetables - Onions and Leeks,"Onions, Green",Green Onions,19-Apr,15
Fruits & Vegetables - Onions and Leeks,"Onions, Green",Green Onions,19-May,15
Fruits & Vegetables - Onions and Leeks,"Onions, Green",Green Onions,19-Jun,71
Fruits & Vegetables - Onions and Leeks,"Onions, Green",Green Onions,19-Jul,116
Fruits & Vegetables - Onions and Leeks,"Onions, Green",1 bunch,19-Jan,1
Fruits & Vegetables - Onions and Leeks,"Onions, Green",1 bunch,19-Feb,3
Fruits & Vegetables - Onions and Leeks,"Onions, Green",1 bunch,19-May,3
Fruits & Vegetables - Onions and Leeks,"Onions, Green",1 bunch,19-Jun,13
Fruits & Vegetables - Onions and Leeks,"Onions, Green",1 bunch,19-Jul,4
Fruits & Vegetables - Onions and Leeks,"Onions, Mixed yellow and white",per pound,19-Aug,9
Fruits & Vegetables - Onions and Leeks,"Onions, Mixed yellow and white",per pound,19-Sep,2
Fruits & Vegetables - Onions and Leeks,"Onions, Mixed yellow and white",per pound,19-Oct,1
Fruits & Vegetables - Herbs,"Oregano, Fresh",1 oz bunch,19-Jun,2
Fruits & Vegetables - Herbs,"Oregano, Fresh",1 oz bunch,19-Jul,1
Fruits & Vegetables - Herbs,"Oregano, Fresh",1 oz bunch,19-Aug,5
Fruits & Vegetables - Herbs,"Oregano, Fresh",1 oz bunch,19-Sep,2
Fruits & Vegetables - Herbs,"Oregano, Fresh",1 oz bunch,19-Oct,1
Fruits & Vegetables - Herbs,"Parsley, Fresh",1 ounce bag,19-Aug,2
Fruits & Vegetables - Herbs,"Parsley, Fresh",1 ounce bag,19-Sep,2
Fruits & Vegetables - Herbs,"Parsley, Fresh",1 bunch,19-Jan,5
Fruits & Vegetables - Herbs,"Parsley, Fresh",1 bunch,19-Feb,5
Fruits & Vegetables - Herbs,"Parsley, Fresh",1 bunch,19-Mar,7
Fruits & Vegetables - Herbs,"Parsley, Fresh",1 bunch,19-Apr,6
Fruits & Vegetables - Herbs,"Parsley, Fresh",1 bunch,19-May,4
Fruits & Vegetables - Herbs,"Parsley, Fresh",1 bunch,19-Aug,1
Fruits & Vegetables - Herbs,"Parsley, Fresh",1 bunch,19-Sep,9
Fruits & Vegetables - Herbs,"Parsley, Fresh",1 bunch,19-Oct,5
Fruits & Vegetables - Herbs,"Parsley, Fresh",1 bunch,19-Nov,15
Fruits & Vegetables - Herbs,"Parsley, Fresh",1 bunch,19-Dec,7
Fruits & Vegetables - Herbs,"Parsley, Fresh Flat Leaf",1 bunch,19-Jun,5
Fruits & Vegetables - Herbs,"Parsley, Fresh Flat Leaf",1 bunch,19-Jul,9
Fruits & Vegetables - Herbs,"Parsley, Fresh Flat Leaf",1 bunch,19-Aug,5
Fruits & Vegetables - Herbs,"Parsley, Fresh Flat Leaf",1 bunch,19-Oct,2
Fruits & Vegetables - Peaches,"Peaches, Indian",1 quart,19-Aug,8
Fruits & Vegetables - Peaches,"Peaches, Indian ",1 quart,19-Aug,2
Fruits & Vegetables - Peaches,"Peaches, Yellow",1/4 peck,19-Aug,5
Fruits & Vegetables - Pears,"Pears, Asian",pound,19-Oct,6
Fruits & Vegetables - Beans & Peas,"Peas, Sugar Snap",1/2 lb. bag,19-Jun,10
Fruits & Vegetables - Beans & Peas,"Peas, Sugar Snap",1 lb,19-Jun,10
Fruits & Vegetables - Peppers,"Pepper, Purple Bell",1/2 pound,19-Jul,15
Fruits & Vegetables - Peppers,"Pepper, Purple Bell",1/2 pound,19-Aug,9
Fruits & Vegetables - Peppers,"Pepper, Purple Bell ",1/2 pound,19-Jul,3
Fruits & Vegetables - Peppers,"Pepper, Purple Bell ",1/2 pound,19-Aug,3
Fruits & Vegetables - Peppers,"Peppers, Anaheim",1/2 pound (4 - 5 peppers),19-Jul,14
Fruits & Vegetables - Peppers,"Peppers, Anaheim",1/2 pound (4 - 5 peppers),19-Aug,18
Fruits & Vegetables - Peppers,"Peppers, Anaheim",1/2 pound (4 - 5 peppers),19-Sep,18
Fruits & Vegetables - Peppers,"Peppers, Bananas",1/2 pound (5-6 peppers),19-Jul,12
Fruits & Vegetables - Peppers,"Peppers, Bananas",1/2 pound (5-6 peppers),19-Aug,13
Fruits & Vegetables - Peppers,"Peppers, Bananas",1/2 pound (5-6 peppers),19-Sep,8
Fruits & Vegetables - Peppers,"Peppers, Bananas",1/2 pound (5-6 peppers),19-Oct,3
Fruits & Vegetables - Peppers,"Peppers, Bananas",1/2 pound ,19-Oct,6
Fruits & Vegetables - Peppers,"Peppers, Bell (Green)",1 pepper,19-Sep,21
Fruits & Vegetables - Peppers,"Peppers, Bell (Green)",1 pepper,19-Oct,87
Fruits & Vegetables - Peppers,"Peppers, Bell (Green)",1 pepper,19-Oct,24
Fruits & Vegetables - Peppers,"Peppers, Bell (Green)",1 pepper,19-Nov,36
Fruits & Vegetables - Peppers,"Peppers, Bell (Green)",1 pepper,19-Oct,7
Fruits & Vegetables - Peppers,"Peppers, Glow",Pound,19-Aug,4
Fruits & Vegetables - Peppers,"Peppers, Green and Red Serrano",1 lb,19-Oct,8
Fruits & Vegetables - Peppers,"Peppers, Jalapeno",8 Peppers,19-Aug,19
Fruits & Vegetables - Peppers,"Peppers, Jalapeno",8 Peppers,19-Sep,22
Fruits & Vegetables - Peppers,"Peppers, Jalapeno",Small Bag,19-Sep,1
Fruits & Vegetables - Peppers,"Peppers, Jalapeno",Small Bag,19-Oct,4
Fruits & Vegetables - Peppers,"Peppers, Jalapeno",1 pint,19-Sep,11
Fruits & Vegetables - Peppers,"Peppers, Jalapeno",1 pint,19-Oct,10
Fruits & Vegetables - Peppers,"Peppers, Mix - Red and Gold - Sweet",Pound,19-Oct,12
Fruits & Vegetables - Peppers,"Peppers, Mix - Red and Gold - Sweet Italian",Pound,19-Jul,55
Fruits & Vegetables - Peppers,"Peppers, Mix - Red and Gold - Sweet Italian",Pound,19-Aug,126
Fruits & Vegetables - Peppers,"Peppers, Mix - Red and Gold - Sweet Italian",Pound,19-Sep,107
Fruits & Vegetables - Peppers,"Peppers, Mix - Red and Gold - Sweet Italian",Pound,19-Oct,31
Fruits & Vegetables - Peppers,"Peppers, Poblano",1 pound (5 - 6 peppers),19-Jul,4
Fruits & Vegetables - Peppers,"Peppers, Poblano",1 pound (5 - 6 peppers),19-Aug,28
Fruits & Vegetables - Peppers,"Peppers, Poblano",1 pound (5 - 6 peppers),19-Sep,14
Fruits & Vegetables - Peppers,"Peppers, Poblano ",1 pound (5 - 6 peppers),19-Jul,6
Fruits & Vegetables - Peppers,"Peppers, Poblano ",1 pound (5 - 6 peppers),19-Aug,11
Fruits & Vegetables - Peppers,"Peppers, Poblano ",1 pound (5 - 6 peppers),19-Sep,1
Fruits & Vegetables - Peppers,"Peppers, Red Bell",Each,19-Sep,10
Fruits & Vegetables - Peppers,"Peppers, Red Bell",Each,19-Oct,5
Fruits & Vegetables - Peppers,"Peppers, Red Bell",1 lb,19-Aug,28
Fruits & Vegetables - Peppers,"Peppers, Shishito",1 pint,19-Jul,11
Fruits & Vegetables - Peppers,"Peppers, Shishito",1 pint,19-Aug,12
Fruits & Vegetables - Peppers,"Peppers, Shishito",1 lb bag,19-Sep,34
Fruits & Vegetables - Peppers,"Peppers, Shishito",1 lb bag,19-Oct,15
Fruits & Vegetables - Fermented Products,"Pickles, Bread and Butter",Pint,19-Aug,3
Fruits & Vegetables - Fermented Products,"Pickles, Bread and Butter",Pint,19-Sep,3
Fruits & Vegetables - Fermented Products,"Pickles, Dill Carrots",Pint,19-Aug,1
Fruits & Vegetables - Fermented Products,"Pickles, Dill Carrots",Pint,19-Sep,4
Fruits & Vegetables - Fermented Products,"Pickles, Dill Carrots",Pint,19-Oct,1
Fruits & Vegetables - Fermented Products,"Pickles, Dill Carrots",Pint,19-Nov,5
Fruits & Vegetables - Potatoes,"Potatoes, Kennebec",25 lb Bag,19-Nov,3
Fruits & Vegetables - Potatoes,"Potatoes, Kennebec",25 lb Bag,19-Dec,4
Fruits & Vegetables - Potatoes,"Potatoes, Kennebec",50 lb bag,19-Oct,3
Fruits & Vegetables - Potatoes,"Potatoes, Kennebec",8 lb bag,18-Dec,1
Fruits & Vegetables - Potatoes,"Potatoes, Kennebec",8 lb bag,19-Jan,50
Fruits & Vegetables - Potatoes,"Potatoes, Kennebec",8 lb bag,19-Feb,41
Fruits & Vegetables - Potatoes,"Potatoes, Kennebec",8 lb bag,19-Oct,7
Fruits & Vegetables - Potatoes,"Potatoes, Kennebec",8 lb bag,19-Nov,39
Fruits & Vegetables - Potatoes,"Potatoes, Kennebec",8 lb bag,19-Dec,9
Fruits & Vegetables - Potatoes,"Potatoes, Kennebec",Pound,18-Dec,5
Fruits & Vegetables - Potatoes,"Potatoes, Kennebec",Pound,19-Jan,25
Fruits & Vegetables - Potatoes,"Potatoes, Kennebec",Pound,19-Feb,9
Fruits & Vegetables - Potatoes,"Potatoes, Kennebec",Pound,19-Mar,167
Fruits & Vegetables - Potatoes,"Potatoes, Kennebec",Pound,19-Apr,71
Fruits & Vegetables - Potatoes,"Potatoes, Kennebec",Pound,19-Jul,17
Fruits & Vegetables - Potatoes,"Potatoes, Kennebec",Pound,19-Aug,39
Fruits & Vegetables - Potatoes,"Potatoes, Kennebec",Pound,19-Sep,28
Fruits & Vegetables - Potatoes,"Potatoes, Kennebec",Pound,19-Oct,15
Fruits & Vegetables - Potatoes,"Potatoes, Kennebec",Pound,19-Nov,21
Fruits & Vegetables - Potatoes,"Potatoes, Kennebec",Pound,19-Dec,10
Fruits & Vegetables - Potatoes,"Potatoes, Kennebec",three pounds,19-Nov,5
Fruits & Vegetables - Potatoes,"Potatoes, Kennebec",25 lb bag,19-Oct,1
Fruits & Vegetables - Potatoes,"Potatoes, La Ratte Fingerling",1 lb.,19-Aug,6
Fruits & Vegetables - Potatoes,"Potatoes, La Ratte Fingerling",1 lb.,19-Sep,7
Fruits & Vegetables - Potatoes,"Potatoes, La Ratte Fingerling",1 lb.,19-Oct,13
Fruits & Vegetables - Potatoes,"Potatoes, La Ratte Fingerling",1 lb.,19-Nov,3
Fruits & Vegetables - Potatoes,"Potatoes, La Ratte Fingerling ",1 lb.,19-Aug,1
Fruits & Vegetables - Potatoes,"Potatoes, La Ratte Fingerling ",1 lb.,19-Sep,4
Fruits & Vegetables - Potatoes,"Potatoes, La Ratte Fingerling ",1 lb.,19-Oct,3
Fruits & Vegetables - Potatoes,"Potatoes, Mixed",Pound,19-Aug,15
Fruits & Vegetables - Potatoes,"Potatoes, Mixed",Pound,19-Sep,20
Fruits & Vegetables - Potatoes,"Potatoes, Mixed (Red and Yellow)",25 lb box,19-Oct,1
Fruits & Vegetables - Potatoes,"Potatoes, Mountain Rose",Pound,18-Dec,7
Fruits & Vegetables - Potatoes,"Potatoes, Mountain Rose",Pound,19-Jan,13
Fruits & Vegetables - Potatoes,"Potatoes, Papa Cacho fingerling",Pounds,19-Jan,6
Fruits & Vegetables - Potatoes,"Potatoes, Papa Cacho fingerling",Pounds,19-Feb,14
Fruits & Vegetables - Potatoes,"Potatoes, Papa Cacho fingerling",1 lb,19-Oct,1
Fruits & Vegetables - Potatoes,"Potatoes, Papa Cacho fingerling",1 lb,19-Nov,4
Fruits & Vegetables - Potatoes,"Potatoes, Purple",Pounds,19-Jul,6
Fruits & Vegetables - Potatoes,"Potatoes, Purple",Pounds,19-Aug,21
Fruits & Vegetables - Potatoes,"Potatoes, Purple",Pounds,19-Sep,26
Fruits & Vegetables - Potatoes,"Potatoes, Purple",Pounds,19-Oct,13
Fruits & Vegetables - Potatoes,"Potatoes, Purple",Pounds,19-Nov,21
Fruits & Vegetables - Potatoes,"Potatoes, Purple",Pounds,19-Dec,11
Fruits & Vegetables - Potatoes,"Potatoes, Purple",Pound,19-Aug,1
Fruits & Vegetables - Potatoes,"Potatoes, Purple",Pound,19-Sep,8
Fruits & Vegetables - Potatoes,"Potatoes, Purple",Pound,19-Oct,7
Fruits & Vegetables - Potatoes,"Potatoes, Purple",Pound,19-Nov,15
Fruits & Vegetables - Potatoes,"Potatoes, Purple",Pound,19-Dec,9
Fruits & Vegetables - Potatoes,"Potatoes, Purple Peruvians fingerling",Pound,18-Dec,4
Fruits & Vegetables - Potatoes,"Potatoes, Purple Peruvians fingerling",Pound,19-Jan,6
Fruits & Vegetables - Potatoes,"Potatoes, Red",Pounds,18-Dec,6
Fruits & Vegetables - Potatoes,"Potatoes, Red",Pounds,19-Jan,5
Fruits & Vegetables - Potatoes,"Potatoes, Red",Pounds,19-Jul,11
Fruits & Vegetables - Potatoes,"Potatoes, Red",Pounds,19-Aug,27
Fruits & Vegetables - Potatoes,"Potatoes, Red",Pounds,19-Sep,9
Fruits & Vegetables - Potatoes,"Potatoes, Red",Pounds,19-Oct,18
Fruits & Vegetables - Potatoes,"Potatoes, Red",Pounds,19-Nov,22
Fruits & Vegetables - Potatoes,"Potatoes, Red",Pounds,19-Dec,3
Fruits & Vegetables - Potatoes,"Potatoes, Red Gold",pound,19-Jan,19
Fruits & Vegetables - Potatoes,"Potatoes, Red Gold",pound,19-Feb,32
Fruits & Vegetables - Potatoes,"Potatoes, Red Gold",pound,19-Mar,46
Fruits & Vegetables - Potatoes,"Potatoes, Red Gold",pound,19-Apr,54
Fruits & Vegetables - Potatoes,"Potatoes, Red Pontiac",pound A large,19-Aug,2
Fruits & Vegetables - Potatoes,"Potatoes, Red Pontiac",pound A large,19-Sep,4
Fruits & Vegetables - Potatoes,"Potatoes, Red Pontiac",pound A large,19-Oct,2
Fruits & Vegetables - Potatoes,"Potatoes, Red Pontiac",pound A large,19-Nov,8
Fruits & Vegetables - Potatoes,"Potatoes, Red Pontiac",pound A large,19-Dec,1
Fruits & Vegetables - Potatoes,"Potatoes, Red Pontiac",Pound,19-Dec,2
Fruits & Vegetables - Potatoes,"Potatoes, Russian Banana fingerling",Pound ,18-Dec,1
Fruits & Vegetables - Potatoes,"Potatoes, Russian Banana fingerling",Pound ,19-Jan,12
Fruits & Vegetables - Potatoes,"Potatoes, Russian Banana fingerling",Pound ,19-Feb,15
Fruits & Vegetables - Potatoes,"Potatoes, Russian Banana fingerling",Pound ,19-Mar,6
Fruits & Vegetables - Potatoes,"Potatoes, Russian Banana fingerling",Pound ,19-Jul,11
Fruits & Vegetables - Potatoes,"Potatoes, Russian Banana fingerling",Pound ,19-Aug,3
Fruits & Vegetables - Potatoes,"Potatoes, Russian Banana fingerling",Pound ,19-Sep,6
Fruits & Vegetables - Potatoes,"Potatoes, Russian Banana fingerling",2 lb. box,19-Oct,2
Fruits & Vegetables - Potatoes,"Potatoes, Russian Banana fingerling",2 lb. box,19-Nov,7
Fruits & Vegetables - Potatoes,"Potatoes, Russian Banana fingerling",2 lb. box,19-Dec,3
Fruits & Vegetables - Potatoes,"Potatoes, White",Pound,19-Jul,1
Fruits & Vegetables - Potatoes,"Potatoes, White",Pound,19-Aug,6
Fruits & Vegetables - Potatoes,"Potatoes, White",Pound,19-Sep,5
Fruits & Vegetables - Potatoes,"Potatoes, White",Pound - Size A A - Large,19-Jan,14
Fruits & Vegetables - Potatoes,"Potatoes, White",Pound - Size A A - Large,19-Feb,14
Fruits & Vegetables - Potatoes,"Potatoes, White",Pound - Size A A - Large,19-Mar,179
Fruits & Vegetables - Potatoes,"Potatoes, White",Pound - Size A A - Large,19-Sep,10
Fruits & Vegetables - Potatoes,"Potatoes, White",Pound - Size A A - Large,19-Oct,5
Fruits & Vegetables - Potatoes,"Potatoes, White",Pound - Size A A - Large,19-Nov,14
Fruits & Vegetables - Potatoes,"Potatoes, White",Pound - Size A A - Large,19-Dec,8
Fruits & Vegetables - Potatoes,"Potatoes, White",Pound - SizeB  B - Medium,18-Dec,2
Fruits & Vegetables - Potatoes,"Potatoes, White",Pound - SizeB  B - Medium,19-Jan,2
Fruits & Vegetables - Potatoes,"Potatoes, White",Pound - SizeB  B - Medium,19-Feb,3
Fruits & Vegetables - Potatoes,"Potatoes, White",Pound - SizeB  B - Medium,19-Mar,6
Fruits & Vegetables - Potatoes,"Potatoes, White",Pound - SizeB  B - Medium,19-Apr,2
Fruits & Vegetables - Potatoes,"Potatoes, White",25 lb case - Size A,19-Feb,2
Fruits & Vegetables - Potatoes,"Potatoes, Yellow",Pounds,18-Dec,7
Fruits & Vegetables - Potatoes,"Potatoes, Yellow",Pounds,19-Jan,13
Fruits & Vegetables - Potatoes,"Potatoes, Yellow",Pounds,19-Aug,9
Fruits & Vegetables - Potatoes,"Potatoes, Yellow",Pounds,19-Sep,30
Fruits & Vegetables - Potatoes,"Potatoes, Yellow",Pounds,19-Oct,12
Fruits & Vegetables - Potatoes,"Potatoes, Yellow",Pounds,19-Nov,40
Fruits & Vegetables - Potatoes,"Potatoes, Yellow",Pounds,19-Dec,26
Fruits & Vegetables - Potatoes,"Potatoes, Yellow Fingerling",Pounds,19-Jul,9
Fruits & Vegetables - Potatoes,"Potatoes, Yukon Gold",Pound,19-Jan,3
Fruits & Vegetables - Potatoes,"Potatoes, Yukon Gold",Pound,19-Feb,25
Fruits & Vegetables - Winter Squash,"Pumpkin, Mixed Varieties",1 pumpkin,19-Sep,4
Fruits & Vegetables - Winter Squash,"Pumpkin, Pie",1-5 lbs,19-Sep,16
Fruits & Vegetables - Winter Squash,"Pumpkin, Seminole",6 - 9 lbs.,19-Feb,1
Fruits & Vegetables - Winter Squash,"Pumpkin, Seminole",6 - 9 lbs.,19-Mar,1
Fruits & Vegetables - Winter Squash,"Pumpkin, Seminole",6 - 9 lbs.,19-Dec,2
Fruits & Vegetables - Winter Squash,"Pumpkin, Seminole",3 - 5 lbs.,19-Feb,1
Fruits & Vegetables - Winter Squash,"Pumpkin, Seminole",3 - 5 lbs.,19-Mar,1
Fruits & Vegetables - Winter Squash,"Pumpkin, Seminole",3 - 5 lbs.,19-Nov,5
Fruits & Vegetables - Winter Squash,"Pumpkin, Seminole",3 - 5 lbs.,19-Dec,4
Fruits & Vegetables - Winter Squash,"Pumpkin, Seminole",10 - 15 lbs.,19-Jan,1
Fruits & Vegetables - Winter Squash,"Pumpkin, Seminole",10 - 15 lbs.,19-Feb,1
Fruits & Vegetables - Winter Squash,"Pumpkin, Seminole",10 - 15 lbs.,19-Mar,1
Fruits & Vegetables - Winter Squash,"Pumpkin, Seminole",10 - 15 lbs.,19-Nov,1
Fruits & Vegetables - Quince,Quince,Pound,19-Sep,5
Fruits & Vegetables - Quince,Quince,Pound,19-Oct,9
Fruits & Vegetables - Quince,Quince,Pound,19-Nov,18
Fruits & Vegetables - Greens,Radicchio,1 head,19-Oct,11
Fruits & Vegetables - Greens,Radicchio,1 head,19-Nov,4
Fruits & Vegetables - Radishes,Radishes,1 lb bunch,19-Mar,5
Fruits & Vegetables - Radishes,Radishes,1 bunch,18-Dec,5
Fruits & Vegetables - Radishes,Radishes,1 bunch,19-Jan,36
Fruits & Vegetables - Radishes,Radishes,1 bunch,19-Feb,46
Fruits & Vegetables - Radishes,Radishes,1 bunch,19-Mar,52
Fruits & Vegetables - Radishes,Radishes,1 bunch,19-Apr,69
Fruits & Vegetables - Radishes,Radishes,1 bunch,19-May,41
Fruits & Vegetables - Radishes,Radishes,1 bunch,19-Jun,92
Fruits & Vegetables - Radishes,Radishes,1 bunch,19-Jul,0
Fruits & Vegetables - Radishes,Radishes,1 bunch,19-Aug,15
Fruits & Vegetables - Radishes,Radishes,1 bunch,19-Oct,56
Fruits & Vegetables - Radishes,Radishes,1 bunch,19-Nov,52
Fruits & Vegetables - Radishes,Radishes,1 bunch,19-Dec,7
Fruits & Vegetables - Radishes,"Radishes, Daikon",1 bunch,18-Dec,1
Fruits & Vegetables - Radishes,"Radishes, Daikon",1 bunch,19-Jan,11
Fruits & Vegetables - Radishes,"Radishes, Daikon",1 bunch,19-May,9
Fruits & Vegetables - Radishes,"Radishes, Daikon",1 bunch,19-Jun,19
Fruits & Vegetables - Radishes,"Radishes, Daikon",1 bunch,19-Jul,10
Fruits & Vegetables - Radishes,"Radishes, Daikon",1 bunch,19-Aug,9
Fruits & Vegetables - Radishes,"Radishes, Daikon",1 bunch,19-Sep,5
Fruits & Vegetables - Radishes,"Radishes, Daikon",1 bunch,19-Oct,14
Fruits & Vegetables - Radishes,"Radishes, Easter Egg",1 bunch,19-May,2
Fruits & Vegetables - Radishes,"Radishes, Easter Egg",1 bunch,19-Oct,5
Fruits & Vegetables - Radishes,"Radishes, French Breakfast",1 bunch,18-Dec,4
Fruits & Vegetables - Radishes,"Radishes, French Breakfast",1 bunch,19-Jan,7
Fruits & Vegetables - Radishes,"Radishes, French Breakfast",1 bunch,19-Feb,9
Fruits & Vegetables - Radishes,"Radishes, French Breakfast",1 bunch,19-Mar,18
Fruits & Vegetables - Radishes,"Radishes, French Breakfast",1 bunch,19-Apr,22
Fruits & Vegetables - Radishes,"Radishes, French Breakfast",1 bunch,19-May,22
Fruits & Vegetables - Radishes,"Radishes, French Breakfast",1 bunch,19-Oct,15
Fruits & Vegetables - Radishes,"Radishes, French Breakfast",1 bunch,19-Dec,8
Fruits & Vegetables - Radishes,"Radishes, Icicle",1 bunch,18-Dec,1
Fruits & Vegetables - Radishes,"Radishes, Icicle",1 bunch,19-Jan,6
Fruits & Vegetables - Radishes,"Radishes, Icicle",1 bunch,19-Feb,2
Fruits & Vegetables - Radishes,"Radishes, Ostergruss",1 bunch,19-May,5
Fruits & Vegetables - Radishes,"Radishes, Ostergruss",1 bunch,19-Jun,10
Fruits & Vegetables - Greens,Rainbow Chard,Bunch (8 oz),19-Jan,5
Fruits & Vegetables - Greens,Rainbow Chard,Bunch (8 oz),19-Feb,7
Fruits & Vegetables - Greens,Rainbow Chard,Bunch (8 oz),19-Mar,9
Fruits & Vegetables - Greens,Rainbow Chard,Bunch (8 oz),19-Apr,11
Fruits & Vegetables - Greens,Rainbow Chard,Bunch (8 oz),19-May,7
Fruits & Vegetables - Greens,Rainbow Chard,Bunch (8 oz),19-Jun,7
Fruits & Vegetables - Greens,Rainbow Chard,Bunch (8 oz),19-Jul,3
Fruits & Vegetables - Greens,Rainbow Chard,Bunch (8 oz),19-Sep,5
Fruits & Vegetables - Greens,Rainbow Chard,Bunch (8 oz),19-Oct,7
Fruits & Vegetables - Greens,Rainbow Chard,Bunch (8 oz),19-Nov,7
Fruits & Vegetables - Greens,Rainbow Chard,Bunch (8 oz),19-Dec,4
Fruits & Vegetables - Greens,Rainbow Chard,1 bunch,19-Apr,6
Fruits & Vegetables - Greens,Rainbow Chard,1 bunch,19-May,26
Fruits & Vegetables - Greens,Rainbow Chard,1 bunch,19-Jun,23
Fruits & Vegetables - Greens,Rainbow Chard,1 bunch,19-Jul,17
Fruits & Vegetables - Greens,Rainbow Chard,1 bunch,19-Aug,16
Fruits & Vegetables - Greens,Rainbow Chard,1 bunch,19-Sep,10
Fruits & Vegetables - Garlic and Ramps,Ramps,1 bunch,19-Apr,51
Fruits & Vegetables - Berries,"Raspberries, Black",6 oz container,19-Jun,5
Fruits & Vegetables - Rhubarb,Rhubarb,1 bunch (enough for 2 pies),19-Apr,6
Fruits & Vegetables - Rhubarb,Rhubarb,1 bunch (enough for 2 pies),19-May,5
Fruits & Vegetables - Rhubarb,Rhubarb,1 bunch (enough for 2 pies),19-Jun,10
Fruits & Vegetables - Rhubarb,Rhubarb,1 bunch (enough for 2 pies),19-Jul,6
Fruits & Vegetables - Herbs,"Rosemary, Fresh",1 oz bunch,19-Jan,11
Fruits & Vegetables - Herbs,"Rosemary, Fresh",1 oz bunch,19-Feb,6
Fruits & Vegetables - Herbs,"Rosemary, Fresh",1 oz bunch,19-Mar,4
Fruits & Vegetables - Herbs,"Rosemary, Fresh",1 oz bunch,19-Apr,3
Fruits & Vegetables - Herbs,"Rosemary, Fresh",1 oz bunch,19-May,6
Fruits & Vegetables - Herbs,"Rosemary, Fresh",1 oz bunch,19-Jun,9
Fruits & Vegetables - Herbs,"Rosemary, Fresh",1 oz bunch,19-Jul,7
Fruits & Vegetables - Herbs,"Rosemary, Fresh",1 oz bunch,19-Aug,6
Fruits & Vegetables - Herbs,"Rosemary, Fresh",1 oz bunch,19-Sep,7
Fruits & Vegetables - Herbs,"Rosemary, Fresh",1 oz bunch,19-Oct,5
Fruits & Vegetables - Herbs,"Rosemary, Fresh",1 oz bunch,19-Nov,18
Fruits & Vegetables - Herbs,"Rosemary, Fresh",1 oz bunch,19-Dec,8
Fruits & Vegetables - Herbs,"Rosemary, Fresh",Large bunch ,19-Jan,1
Fruits & Vegetables - Herbs,"Rosemary, Fresh",Large bunch ,19-Feb,4
Fruits & Vegetables - Herbs,"Rosemary, Fresh",Large bunch ,19-Mar,2
Fruits & Vegetables - Herbs,"Rosemary, Fresh",Large bunch ,19-Apr,2
Fruits & Vegetables - Herbs,"Rosemary, Fresh",Large bunch ,19-May,1
Fruits & Vegetables - Herbs,"Rosemary, Fresh",Large bunch ,19-Jun,1
Fruits & Vegetables - Herbs,"Rosemary, Fresh",Large bunch ,19-Aug,3
Fruits & Vegetables - Herbs,"Rosemary, Fresh",Large bunch ,19-Sep,1
Fruits & Vegetables - Herbs,"Rosemary, Fresh",Large bunch ,19-Nov,3
Fruits & Vegetables - Herbs,"Rosemary, Fresh",Large bunch ,19-Dec,1
Fruits & Vegetables - Herbs,"Rosemary, Fresh",1 bunch,19-Oct,2
Fruits & Vegetables - Herbs,Sage for culinary use,1 bunch of sage - 5 stems,19-Aug,1
Fruits & Vegetables - Herbs,Sage for culinary use,1 bunch of sage - 5 stems,19-Sep,1
Fruits & Vegetables - Herbs,Sage for culinary use,1 bunch of sage - 5 stems,19-Oct,1
Fruits & Vegetables - Herbs,Sage for culinary use,1 bunch of sage - 5 stems,19-Nov,3
Fruits & Vegetables - Herbs,Sage for culinary use,1 bunch of sage - 5 stems,19-Dec,2
Fruits & Vegetables - Fermented Products,"Sauerkraut, Beet",Pint,19-Dec,2
Fruits & Vegetables - Fermented Products,"Sauerkraut, Lemon Dill",Pint,19-Aug,6
Fruits & Vegetables - Fermented Products,"Sauerkraut, Lemon Dill",Pint,19-Sep,9
Fruits & Vegetables - Fermented Products,"Sauerkraut, Lemon Dill",Pint,19-Nov,8
Fruits & Vegetables - Fermented Products,"Sauerkraut, Lemon Dill",Pint,19-Dec,5
Fruits & Vegetables - Fermented Products,"Sauerkraut, Pink",Pint,19-Sep,1
Fruits & Vegetables - Fermented Products,"Sauerkraut, Pink",Pint,19-Oct,5
Fruits & Vegetables - Fermented Products,"Sauerkraut, Pink",Pint,19-Nov,6
Fruits & Vegetables - Fermented Products,"Sauerkraut, Pink",Pint,19-Dec,2
Fruits & Vegetables - Fermented Products,"Sauerkraut, Red Caraway",Pint,19-Aug,2
Fruits & Vegetables - Fermented Products,"Sauerkraut, Red Caraway",Pint,19-Oct,2
Fruits & Vegetables - Fermented Products,"Sauerkraut, Red Caraway",Pint,19-Nov,2
Fruits & Vegetables - Fermented Products,"Sauerkraut, Rooted",Pint,19-Aug,6
Fruits & Vegetables - Fermented Products,"Sauerkraut, Rooted",Pint,19-Sep,4
Fruits & Vegetables - Fermented Products,"Sauerkraut, Rooted",Pint,19-Oct,2
Fruits & Vegetables - Fermented Products,"Sauerkraut, Rooted",Pint,19-Nov,4
Fruits & Vegetables - Fermented Products,Simply Sauerkraut,Pint,19-Dec,6
Fruits & Vegetables - Fermented Products,Spicy Chow Chow,Pint,19-Dec,3
Fruits & Vegetables - Greens,Spinach,1/4 lb. bag,19-Jan,44
Fruits & Vegetables - Greens,Spinach,1/4 lb. bag,19-Feb,40
Fruits & Vegetables - Greens,Spinach,1/4 lb. bag,19-Mar,61
Fruits & Vegetables - Greens,Spinach,1/4 lb. bag,19-Apr,33
Fruits & Vegetables - Greens,Spinach,1/4 lb. bag,19-Oct,3
Fruits & Vegetables - Greens,Spinach,1/4 lb. bag,19-Nov,8
Fruits & Vegetables - Greens,Spinach,1/4 lb. bag,19-Dec,11
Fruits & Vegetables - Greens,Spinach,1/2 lb. bag,19-Jun,44
Fruits & Vegetables - Greens,Spinach,1/3 lb. bag,18-Dec,22
Fruits & Vegetables - Greens,Spinach,1/3 lb. bag,19-Jan,70
Fruits & Vegetables - Greens,Spinach,1/3 lb. bag,19-Feb,60
Fruits & Vegetables - Greens,Spinach,1/3 lb. bag,19-Mar,107
Fruits & Vegetables - Greens,Spinach,1/3 lb. bag,19-Apr,115
Fruits & Vegetables - Greens,Spinach,1/3 lb. bag,19-May,93
Fruits & Vegetables - Greens,Spinach,1/3 lb. bag,19-Jun,11
Fruits & Vegetables - Greens,Spinach,1 lb bag,19-Mar,8
Fruits & Vegetables - Greens,Spring Salad & Mustard Mix,1/3 lb bag,19-May,33
Fruits & Vegetables - Greens,Spring Salad & Mustard Mix,1/3 lb bag,19-Jun,13
Fruits & Vegetables - Greens,Spring Salad & Mustard Mix,1/3 lb bag,19-Jul,19
Fruits & Vegetables - Greens,Spring Salad & Mustard Mix,1/3 lb bag,19-Aug,15
Fruits & Vegetables - Greens,Spring Salad & Mustard Mix,1/3 lb bag,19-Sep,12
Fruits & Vegetables - Greens,Spring Salad & Mustard Mix,1/3 lb bag,19-Oct,16
Fruits & Vegetables - Greens,Spring Salad & Mustard Mix,1/3 lb bag,19-Nov,7
Fruits & Vegetables - Greens,Spring Salad Mix,3 lb bag,19-Mar,3
Fruits & Vegetables - Greens,Spring Salad Mix,3 lb bag,19-Oct,4
Fruits & Vegetables - Greens,Spring Salad Mix,8 oz. (1/2 lb.) Bag,18-Dec,15
Fruits & Vegetables - Greens,Spring Salad Mix,8 oz. (1/2 lb.) Bag,19-Jan,60
Fruits & Vegetables - Greens,Spring Salad Mix,8 oz. (1/2 lb.) Bag,19-Feb,65
Fruits & Vegetables - Greens,Spring Salad Mix,8 oz. (1/2 lb.) Bag,19-Mar,51
Fruits & Vegetables - Greens,Spring Salad Mix,8 oz. (1/2 lb.) Bag,19-Apr,46
Fruits & Vegetables - Greens,Spring Salad Mix,8 oz. (1/2 lb.) Bag,19-May,35
Fruits & Vegetables - Greens,Spring Salad Mix,8 oz. (1/2 lb.) Bag,19-Jun,35
Fruits & Vegetables - Greens,Spring Salad Mix,8 oz. (1/2 lb.) Bag,19-Dec,28
Fruits & Vegetables - Greens,Spring Salad Mix,1/3 lb bag,19-Jan,21
Fruits & Vegetables - Greens,Spring Salad Mix,1/3 lb bag,19-Feb,35
Fruits & Vegetables - Greens,Spring Salad Mix,1/3 lb bag,19-Apr,33
Fruits & Vegetables - Greens,Spring Salad Mix,1/3 lb bag,19-May,53
Fruits & Vegetables - Greens,Spring Salad Mix,1/3 lb bag,19-Jun,57
Fruits & Vegetables - Greens,Spring Salad Mix,1/3 lb bag,19-Jul,44
Fruits & Vegetables - Greens,Spring Salad Mix,1/3 lb bag,19-Aug,94
Fruits & Vegetables - Greens,Spring Salad Mix,1/3 lb bag,19-Sep,92
Fruits & Vegetables - Greens,Spring Salad Mix,1/3 lb bag,19-Oct,26
Fruits & Vegetables - Greens,Spring Salad Mix,1/3 lb bag,19-Nov,63
Fruits & Vegetables - Greens,Spring Salad Mix,1/3 lb bag,19-Dec,57
Fruits & Vegetables - Greens,Spring Salad Mix,1/3 lb. bag,18-Dec,12
Fruits & Vegetables - Greens,Spring Salad Mix,1/3 lb. bag,19-Jan,40
Fruits & Vegetables - Greens,Spring Salad Mix,1/3 lb. bag,19-Feb,25
Fruits & Vegetables - Greens,Spring Salad Mix,1/3 lb. bag,19-Mar,40
Fruits & Vegetables - Greens,Spring Salad Mix,1/3 lb. bag,19-Apr,3
Fruits & Vegetables - Greens,Spring Salad Mix,1/3 lb. bag,19-May,1
Fruits & Vegetables - Greens,Spring Salad Mix,1/3 lb. bag,19-Jun,9
Fruits & Vegetables - Greens,Spring Salad Mix,1/3 lb. bag,19-Jul,21
Fruits & Vegetables - Greens,Spring Salad Mix,1/3 lb. bag,19-Sep,17
Fruits & Vegetables - Greens,Spring Salad Mix,1/3 lb. bag,19-Oct,46
Fruits & Vegetables - Greens,Spring Salad Mix,1/3 lb. bag,19-Nov,50
Fruits & Vegetables - Greens,Spring Salad Mix,1/3 lb. bag,19-Dec,21
Fruits & Vegetables - Greens,Spring Salad Mix,1 lb bag,19-Apr,2
Fruits & Vegetables - Greens,Spring Salad Mix,1 lb bag,19-Jun,1
Fruits & Vegetables - Greens,Spring Salad Mix,1 lb bag,19-Jul,4
Fruits & Vegetables - Greens,Spring Salad Mix,1 lb bag,19-Aug,1
Fruits & Vegetables - Winter Squash,"Squash, Butternut",Single Serving Size (<1 lb),19-Oct,26
Fruits & Vegetables - Winter Squash,"Squash, Butternut",2-3 lbs,19-Feb,6
Fruits & Vegetables - Winter Squash,"Squash, Butternut",2-3 lbs,19-Sep,12
Fruits & Vegetables - Winter Squash,"Squash, Butternut",2-3 lbs,19-Oct,1
Fruits & Vegetables - Winter Squash,"Squash, Butternut",2-4 lbs,19-Sep,15
Fruits & Vegetables - Winter Squash,"Squash, Butternut",2-4 lbs,19-Oct,1
Fruits & Vegetables - Winter Squash,"Squash, Butternut",2-4 lbs,19-Nov,23
Fruits & Vegetables - Winter Squash,"Squash, Butternut",2-4 lbs,19-Dec,6
Fruits & Vegetables - Winter Squash,"Squash, Butternut",3-4 lbs,19-Feb,1
Fruits & Vegetables - Winter Squash,"Squash, Butternut",3-4 lbs,19-Sep,8
Fruits & Vegetables - Winter Squash,"Squash, Butternut",1-2 lbs,19-Feb,5
Fruits & Vegetables - Winter Squash,"Squash, Butternut",1-2 lbs,19-Sep,18
Fruits & Vegetables - Winter Squash,"Squash, Butternut",1-2 lbs,19-Oct,42
Fruits & Vegetables - Winter Squash,"Squash, Butternut",1-2 lbs,19-Nov,17
Fruits & Vegetables - Winter Squash,"Squash, Butternut",1-2 lbs,19-Dec,24
Fruits & Vegetables - Winter Squash,"Squash, Butternut",1 lb,19-Oct,25
Fruits & Vegetables - Summer Squash,"Squash, Yellow Straightneck",Pound,19-Jul,20
Fruits & Vegetables - Summer Squash,"Squash, Yellow Straightneck",Pound,19-Aug,17
Fruits & Vegetables - Summer Squash,"Summer Squash - Zucchini, assorted varieties",pound,19-Jul,9
Fruits & Vegetables - Summer Squash,"Summer Squash - Zucchini, assorted varieties",pound,19-Aug,5
Fruits & Vegetables - Summer Squash,"Summer Squash - Zucchini, assorted varieties",pound,19-Sep,7
Fruits & Vegetables - Summer Squash,"Summer Squash - Zucchini, assorted varieties",pound,19-Oct,6
Fruits & Vegetables - Summer Squash,"Summer Squash, Assorted",Pound,19-May,8
Fruits & Vegetables - Summer Squash,"Summer Squash, Assorted",Pound,19-Jun,88
Fruits & Vegetables - Summer Squash,"Summer Squash, Assorted",Pound,19-Jul,146
Fruits & Vegetables - Summer Squash,"Summer Squash, Assorted",Pound,19-Aug,199
Fruits & Vegetables - Summer Squash,"Summer Squash, Assorted",Pound,19-Sep,47
Fruits & Vegetables - Summer Squash,"Summer Squash, Assorted",Pound,19-Oct,5
Fruits & Vegetables - Summer Squash,"Summer Squash, Zephyr",Pound,19-Jun,57
Fruits & Vegetables - Summer Squash,"Summer Squash, Zephyr",Pound,19-Jul,27
Fruits & Vegetables - Summer Squash,"Summer Squash, Zephyr",1 lb,19-Jun,20
Fruits & Vegetables - Summer Squash,"Summer Squash, Zephyr",1 lb,19-Jul,14
Fruits & Vegetables - Summer Squash,"Summer Squash, Zucchini",Pound,19-May,7
Fruits & Vegetables - Summer Squash,"Summer Squash, Zucchini",Pound,19-Jun,108
Fruits & Vegetables - Summer Squash,"Summer Squash, Zucchini",Pound,19-Jul,16
Fruits & Vegetables - Summer Squash,"Summer Squash, Zucchini",Pound,19-Aug,8
Fruits & Vegetables - Greens,Sunflower Sprouts,4 oz. bag,19-Apr,10
Fruits & Vegetables - Greens,Sunflower Sprouts,4 oz. bag,19-May,28
Fruits & Vegetables - Greens,Sunflower Sprouts,4 oz. bag,19-Jun,15
Fruits & Vegetables - Greens,Sunflower Sprouts,4 oz. bag,19-Jul,22
Fruits & Vegetables - Greens,Sunflower Sprouts,4 oz. bag,19-Aug,29
Fruits & Vegetables - Greens,Sunflower Sprouts,4 oz. bag,19-Sep,36
Fruits & Vegetables - Greens,Sunflower Sprouts,4 oz. bag,19-Oct,21
Fruits & Vegetables - Greens,Sunflower Sprouts,4 oz. bag,19-Nov,31
Fruits & Vegetables - Greens,Sunflower Sprouts,4 oz. bag,19-Dec,16
Fruits & Vegetables - Potatoes,"Sweet Potatoes, Covington",Pound,19-Sep,50
Fruits & Vegetables - Potatoes,"Sweet Potatoes, Covington",Pound,19-Oct,20
Fruits & Vegetables - Potatoes,"Sweet Potatoes, Covington (mishaped, some blemishes)",Pound,19-Oct,25
Fruits & Vegetables - Potatoes,"Sweet Potatoes, Orange",Pound (some are 3 lbs.),19-Oct,18
Fruits & Vegetables - Potatoes,"Sweet Potatoes, Orange",Pound - order in multiples of 2 lbs,19-Nov,7
Fruits & Vegetables - Potatoes,"Sweet Potatoes, Orange",Pound,18-Dec,19
Fruits & Vegetables - Potatoes,"Sweet Potatoes, Orange",Pound,19-Jan,87
Fruits & Vegetables - Potatoes,"Sweet Potatoes, Orange",Pound,19-Feb,27
Fruits & Vegetables - Potatoes,"Sweet Potatoes, Orange",Pound,19-Sep,21
Fruits & Vegetables - Potatoes,"Sweet Potatoes, Orange",Pound,19-Oct,70
Fruits & Vegetables - Potatoes,"Sweet Potatoes, Orange",Pound,19-Nov,89
Fruits & Vegetables - Potatoes,"Sweet Potatoes, Orange (large)",Pound,19-Oct,25
Fruits & Vegetables - Potatoes,"Sweet Potatoes, Purple",Pound,19-Sep,25
Fruits & Vegetables - Potatoes,"Sweet Potatoes, Purple",Pound,19-Oct,33
Fruits & Vegetables - Potatoes,"Sweet Potatoes, Purple",Pound,19-Nov,61
Fruits & Vegetables - Potatoes,"Sweet Potatoes, Purple",Pound,19-Dec,11
Fruits & Vegetables - Potatoes,"Sweet Potatoes, White",Pound - order in multiples of 2 lbs,19-Nov,3
Fruits & Vegetables - Potatoes,"Sweet Potatoes, White",Pound,18-Dec,5
Fruits & Vegetables - Potatoes,"Sweet Potatoes, White",Pound,19-Jan,20
Fruits & Vegetables - Potatoes,"Sweet Potatoes, White",Pound,19-Feb,37
Fruits & Vegetables - Potatoes,"Sweet Potatoes, White",Pound,19-Mar,47
Fruits & Vegetables - Potatoes,"Sweet Potatoes, White",Pound,19-Oct,22
Fruits & Vegetables - Potatoes,"Sweet Potatoes, White",Pound,19-Nov,26
Fruits & Vegetables - Fermented Products,Sweet Relish,Half pint,19-Aug,1
Fruits & Vegetables - Fermented Products,Sweet Relish,Half pint,19-Sep,2
Fruits & Vegetables - Fermented Products,Sweet Relish,Half pint,19-Oct,1
Fruits & Vegetables - Fermented Products,Sweet Relish,Half pint,19-Nov,3
Fruits & Vegetables - Fermented Products,Sweet Relish,Half pint,19-Dec,2
Fruits & Vegetables - Tomatillos,Tomatillos,1 lb bag,19-Jul,5
Fruits & Vegetables - Tomatoes,"Tomatoes, Cherokee Purple",Pound,19-Jul,32
Fruits & Vegetables - Tomatoes,"Tomatoes, Cherokee Purple",Pound,19-Aug,26
Fruits & Vegetables - Tomatoes,"Tomatoes, Cherokee Purple",Pound,19-Sep,1
Fruits & Vegetables - Tomatoes,"Tomatoes, Green (for Fried Green Tomatoes)",pound,19-Nov,4
Fruits & Vegetables - Tomatoes,"Tomatoes, Green Zebra",Pound,19-Aug,4
Fruits & Vegetables - Tomatoes,"Tomatoes, Heirloom Beefsteak",per lb.,19-Sep,11
Fruits & Vegetables - Tomatoes,"Tomatoes, Heirloom Italian Roma",pound,19-Oct,18
Fruits & Vegetables - Tomatoes,"Tomatoes, Heirloom Italian Roma",pound,19-Nov,21
Fruits & Vegetables - Tomatoes,"Tomatoes, Heirloom Red Slicers",Pound,19-Jul,19
Fruits & Vegetables - Tomatoes,"Tomatoes, Heirloom Red Slicers",Pound,19-Aug,8
Fruits & Vegetables - Tomatoes,"Tomatoes, Mixed Cherry",1 pint,19-Jul,96
Fruits & Vegetables - Tomatoes,"Tomatoes, Mixed Cherry",1 pint,19-Aug,93
Fruits & Vegetables - Tomatoes,"Tomatoes, Mixed Cherry",1 pint,19-Sep,28
Fruits & Vegetables - Tomatoes,"Tomatoes, Mixed Cherry",1 pint,19-Oct,1
Fruits & Vegetables - Tomatoes,"Tomatoes, Mixed Cherry (Lemon)",1 pint,19-Sep,5
Fruits & Vegetables - Tomatoes,"Tomatoes, Mixed Heirloom Cherry Varieties",per lb.,19-Sep,9
Fruits & Vegetables - Tomatoes,"Tomatoes, Mixed Heirloom Cherry Varieties",per lb.,19-Oct,16
Fruits & Vegetables - Tomatoes,"Tomatoes, Mixed Heirloom Cherry Varieties",per lb.,19-Nov,7
Fruits & Vegetables - Tomatoes,"Tomatoes, Mixed Heirloom Varieties",per lb,19-Jul,18
Fruits & Vegetables - Tomatoes,"Tomatoes, Mixed Heirloom Varieties",per lb,19-Aug,67
Fruits & Vegetables - Tomatoes,"Tomatoes, Mixed Heirloom Varieties",per lb,19-Sep,66
Fruits & Vegetables - Tomatoes,"Tomatoes, Mixed Heirloom Varieties",per lb,19-Oct,6
Fruits & Vegetables - Tomatoes,"Tomatoes, Mountain Magic",Pound,19-Jul,8
Fruits & Vegetables - Tomatoes,"Tomatoes, Mountain Magic",Pound,19-Aug,8
Fruits & Vegetables - Tomatoes,"Tomatoes, Mountain Magic",25 lb box,19-Aug,4
Fruits & Vegetables - Tomatoes,"Tomatoes, Mountain Magic",25 lb box,19-Sep,1
Fruits & Vegetables - Tomatoes,"Tomatoes, Orange Beefsteak",Pound,19-Apr,10
Fruits & Vegetables - Tomatoes,"Tomatoes, Orange Beefsteak",Pound,19-May,26
Fruits & Vegetables - Tomatoes,"Tomatoes, Orange Beefsteak",Pound,19-Jun,48
Fruits & Vegetables - Tomatoes,"Tomatoes, Orange Beefsteak",Pound,19-Jul,22
Fruits & Vegetables - Tomatoes,"Tomatoes, Orange Beefsteak",Pound,19-Aug,4
Fruits & Vegetables - Tomatoes,"Tomatoes, Pruden's Purple",Pound,19-Jul,14
Fruits & Vegetables - Tomatoes,"Tomatoes, Pruden's Purple",Pound,19-Aug,7
Fruits & Vegetables - Tomatoes,"Tomatoes, Red Beefsteak",Pound,19-Apr,40
Fruits & Vegetables - Tomatoes,"Tomatoes, Red Beefsteak",Pound,19-May,26
Fruits & Vegetables - Tomatoes,"Tomatoes, Red Beefsteak",Pound,19-Jun,75
Fruits & Vegetables - Tomatoes,"Tomatoes, Red Beefsteak",Pound,19-Jul,42
Fruits & Vegetables - Tomatoes,"Tomatoes, Red Beefsteak",Pound,19-Aug,21
Fruits & Vegetables - Tomatoes,"Tomatoes, Red Beefsteak",Pound,19-Sep,12
Fruits & Vegetables - Tomatoes,"Tomatoes, Slicing",Pound,19-Jul,7
Fruits & Vegetables - Tomatoes,"Tomatoes, Slicing",Pound,19-Aug,2
Fruits & Vegetables - Tomatoes,"Tomatoes, Slicing",1 lb,19-Jul,26
Fruits & Vegetables - Tomatoes,"Tomatoes, Slicing",1 lb,19-Aug,52
Fruits & Vegetables - Tomatoes,"Tomatoes, Slicing",1 lb,19-Sep,17
Fruits & Vegetables - Tomatoes,"Tomatoes, Slicing",1 lb,19-Oct,6
Fruits & Vegetables - Tomatoes,"Tomatoes, Slicing (Yellow)",1 lb,19-Jul,1
Fruits & Vegetables - Tomatoes,"Tomatoes, Slicing Heirlooms",Pound,19-Jul,5
Fruits & Vegetables - Tomatoes,"Tomatoes, Slicing Heirlooms",Pound,19-Aug,21
Fruits & Vegetables - Tomatoes,"Tomatoes, Slicing Heirlooms",Pound,19-Sep,6
Fruits & Vegetables - Tomatoes,"Tomatoes, Slicing Heirlooms",Pound,19-Oct,2
Fruits & Vegetables - Fermented Products,Turmeric Paste,Half pint,19-Dec,1
Fruits & Vegetables - Greens,Turnip Greens,5 lb bag,19-Oct,2
Fruits & Vegetables - Greens,Turnip Raab,1 bunch,19-Mar,7
Fruits & Vegetables - Turnips,Turnips,1 bunch,18-Dec,8
Fruits & Vegetables - Turnips,Turnips,1 bunch,19-Jan,24
Fruits & Vegetables - Turnips,Turnips,1 bunch,19-Feb,2
Fruits & Vegetables - Turnips,Turnips,1 bunch,19-Mar,14
Fruits & Vegetables - Turnips,Turnips,1 bunch,19-Apr,6
Fruits & Vegetables - Turnips,Turnips,1 bunch,19-May,13
Fruits & Vegetables - Turnips,Turnips,1 bunch,19-Oct,4
Fruits & Vegetables - Turnips,Turnips,1 bunch,19-Nov,34
Fruits & Vegetables - Turnips,Turnips,1 bunch,19-Dec,16
Fruits & Vegetables - Turnips,"Turnips, Baby Hakurei",1 bunch,19-Mar,7
Fruits & Vegetables - Turnips,"Turnips, Baby Hakurei",1 bunch,19-Sep,6
Fruits & Vegetables - Turnips,"Turnips, Des Vertus",1 bunch,19-May,21
Fruits & Vegetables - Turnips,"Turnips, Des Vertus",1 bunch,19-Jun,17
Fruits & Vegetables - Turnips,"Turnips, Hakurei",Pound,19-Oct,10
Fruits & Vegetables - Turnips,"Turnips, Hakurei",1 bunch,19-Jan,25
Fruits & Vegetables - Turnips,"Turnips, Hakurei",1 bunch,19-Feb,32
Fruits & Vegetables - Turnips,"Turnips, Hakurei",1 bunch,19-Mar,36
Fruits & Vegetables - Turnips,"Turnips, Hakurei",1 bunch,19-Apr,36
Fruits & Vegetables - Turnips,"Turnips, Hakurei",1 bunch,19-May,20
Fruits & Vegetables - Turnips,"Turnips, Hakurei",1 bunch,19-Oct,23
Fruits & Vegetables - Turnips,"Turnips, Hakurei",1 bunch,19-Nov,39
Fruits & Vegetables - Turnips,"Turnips, Hakurei",1 bunch,19-Dec,5
Fruits & Vegetables - Turnips,"Turnips, Purple Top",Pound,19-Jan,16
Fruits & Vegetables - Turnips,"Turnips, Purple Top",Pound,19-Feb,12
Fruits & Vegetables - Turnips,"Turnips, Purple Top",Pound,19-Mar,21
Fruits & Vegetables - Turnips,"Turnips, Purple Top",Pound,19-Nov,12
Fruits & Vegetables - Turnips,"Turnips, Purple Top",Pound,19-Dec,10
Fruits & Vegetables - Turnips,"Turnips, Purple Top",Each,19-Jul,3
Fruits & Vegetables - Turnips,"Turnips, Without Tops",Pound,19-Dec,6
Fruits & Vegetables - Greens,Watercress,"Bunch, 4 oz",19-May,6
Fruits & Vegetables - Greens,Watercress,"Bunch, 4 oz",19-Jun,9
Fruits & Vegetables - Greens,Watercress,"Bunch, 4 oz",19-Jul,5
Fruits & Vegetables - Greens,Watercress,"Bunch, 4 oz",19-Aug,7
Fruits & Vegetables - Greens,Watercress,"Bunch, 4 oz",19-Sep,3
Fruits & Vegetables - Greens,Watercress,"Bunch, 4 oz",19-Oct,2
Fruits & Vegetables - Greens,Watercress,"Bunch, 4 oz",19-Nov,4
Fruits & Vegetables - Greens,Watercress,"Bunch, 4 oz",19-Dec,2
Fruits & Vegetables - Watermelon,"Watermelon, Crimson Sweet",6-8 lbs,19-Sep,11
Fruits & Vegetables - Watermelon,"Watermelon, Crimson Sweet",8-10 lbs,19-Sep,10
Fruits & Vegetables - Watermelon,"Watermelon, Crimson Sweet",22-24 lbs,19-Sep,1
Fruits & Vegetables - Watermelon,"Watermelon, Crimson Sweet",4-6 lbs,19-Sep,19
Fruits & Vegetables - Watermelon,"Watermelon, Crimson Sweet",2-4 lbs,19-Sep,13
Fruits & Vegetables - Watermelon,"Watermelon, Crimson Sweet",10-12 lbs,19-Sep,1
Fruits & Vegetables - Watermelon,"Watermelon, Jubilee",8-10 lbs,19-Sep,5
Fruits & Vegetables - Watermelon,"Watermelon, Jubilee",6-8 lbs,19-Sep,1
Fruits & Vegetables - Watermelon,"Watermelon, Jubilee",2-4 lbs,19-Sep,2
Fruits & Vegetables - Winter Squash,"Winter Squash, Spaghetti",2-4 pound,19-Aug,1
Fruits & Vegetables - Winter Squash,"Winter Squash, Spaghetti",2-4 pound,19-Sep,18
Fruits & Vegetables - Winter Squash,"Winter Squash, Spaghetti",4-6 pound,19-Aug,2
Fruits & Vegetables - Winter Squash,"Winter Squash, Spaghetti",4-6 pound,19-Sep,3
Fruits & Vegetables - Winter Squash,"Winter Squash, Spaghetti",2-4 lbs,19-Oct,4
Fruits & Vegetables - Winter Squash,"Winter Squash, Spaghetti",2-4 lbs,19-Nov,2
Fruits & Vegetables - Winter Squash,"Winter Squash, Spaghetti",1-2 pounds,19-Sep,2
Fruits & Vegetables - Winter Squash,"Winter Squash, Spaghetti",1-2 pounds,19-Oct,2
